--
-- Script was generated by Devart dbForge Studio for MySQL, Version 9.2.5.0
-- Product home page: http://www.devart.com/dbforge/mysql/studio
-- Script date 17/02/2024 17:17:52
-- Server version: 8.0.22
-- Client version: 4.1
--

-- 
-- Disable foreign keys
-- 
/*!40014 SET @OLD_FOREIGN_KEY_CHECKS=@@FOREIGN_KEY_CHECKS, FOREIGN_KEY_CHECKS=0 */;

-- 
-- Set SQL mode
-- 
/*!40101 SET @OLD_SQL_MODE=@@SQL_MODE, SQL_MODE='NO_AUTO_VALUE_ON_ZERO' */;

--
-- Set default database
--
USE jw_accounting;

--
-- Drop table `tbl_congregation_detail`
--
DROP TABLE IF EXISTS tbl_congregation_detail;

--
-- Drop table `tbl_user`
--
DROP TABLE IF EXISTS tbl_user;

--
-- Drop view `vw_error_warning`
--
DROP VIEW IF EXISTS vw_error_warning CASCADE;

--
-- Drop table `tbl_mark_for_cary_fwrd_ww`
--
DROP TABLE IF EXISTS tbl_mark_for_cary_fwrd_ww;

--
-- Drop view `vw_s26_data_dttables`
--
DROP VIEW IF EXISTS vw_s26_data_dttables CASCADE;

--
-- Drop view `vw_account_standing_p2p`
--
DROP VIEW IF EXISTS vw_account_standing_p2p CASCADE;

--
-- Drop view `vw_cash_box_snap`
--
DROP VIEW IF EXISTS vw_cash_box_snap CASCADE;

--
-- Drop view `vw_extract_date`
--
DROP VIEW IF EXISTS vw_extract_date CASCADE;

--
-- Drop view `vw_running_analysis_acc`
--
DROP VIEW IF EXISTS vw_running_analysis_acc CASCADE;

--
-- Drop table `tbl_acc_closing_det`
--
DROP TABLE IF EXISTS tbl_acc_closing_det;

--
-- Drop view `vw_to_62`
--
DROP VIEW IF EXISTS vw_to_62 CASCADE;

--
-- Drop table `tbl_resolved_mon_contribution`
--
DROP TABLE IF EXISTS tbl_resolved_mon_contribution;

--
-- Drop view `vw_cash_box_standing`
--
DROP VIEW IF EXISTS vw_cash_box_standing CASCADE;

--
-- Drop table `tbl_closing_details`
--
DROP TABLE IF EXISTS tbl_closing_details;

--
-- Drop table `tbl_account`
--
DROP TABLE IF EXISTS tbl_account;

--
-- Drop view `vw_account_summary`
--
DROP VIEW IF EXISTS vw_account_summary CASCADE;

--
-- Drop view `vw_currency_valid_for_to62`
--
DROP VIEW IF EXISTS vw_currency_valid_for_to62 CASCADE;

--
-- Drop view `vw_s26_data`
--
DROP VIEW IF EXISTS vw_s26_data CASCADE;

--
-- Drop table `tbl_transaction_code`
--
DROP TABLE IF EXISTS tbl_transaction_code;

--
-- Drop view `vw_for_to_62_pdf_report`
--
DROP VIEW IF EXISTS vw_for_to_62_pdf_report CASCADE;

--
-- Drop table `tbl_to_62_reference`
--
DROP TABLE IF EXISTS tbl_to_62_reference;

--
-- Drop table `tbl_record_funds_trans_to_62`
--
DROP TABLE IF EXISTS tbl_record_funds_trans_to_62;

--
-- Drop table `tbl_to_62_trans_type`
--
DROP TABLE IF EXISTS tbl_to_62_trans_type;

--
-- Drop view `vw_currency_acount_exchange`
--
DROP VIEW IF EXISTS vw_currency_acount_exchange CASCADE;

--
-- Drop view `vw_worldwide_contrib_per_period`
--
DROP VIEW IF EXISTS vw_worldwide_contrib_per_period CASCADE;

--
-- Drop view `vw_worldwide_contrib_per_period_exch_out`
--
DROP VIEW IF EXISTS vw_worldwide_contrib_per_period_exch_out CASCADE;

--
-- Drop table `tbl_ledger_s_26`
--
DROP TABLE IF EXISTS tbl_ledger_s_26;

--
-- Drop table `tbl_period`
--
DROP TABLE IF EXISTS tbl_period;

--
-- Drop table `tblcurrency`
--
DROP TABLE IF EXISTS tblcurrency;

--
-- Set default database
--
USE jw_accounting;

--
-- Create table `tblcurrency`
--
CREATE TABLE tblcurrency (
  currency_id bigint UNSIGNED NOT NULL AUTO_INCREMENT,
  currency varbinary(255) NOT NULL DEFAULT '',
  createdate datetime NOT NULL,
  PRIMARY KEY (currency_id)
)
ENGINE = INNODB,
AUTO_INCREMENT = 4,
AVG_ROW_LENGTH = 5461,
CHARACTER SET utf8mb4,
COLLATE utf8mb4_unicode_ci;

--
-- Create table `tbl_period`
--
CREATE TABLE tbl_period (
  tbl_period_id bigint UNSIGNED NOT NULL AUTO_INCREMENT,
  startdate datetime NOT NULL,
  enddate datetime NOT NULL,
  sequenceno bigint NOT NULL,
  year bigint NOT NULL,
  mon bigint NOT NULL,
  previouse_period_id bigint NOT NULL,
  status enum ('Open', 'Closed') NOT NULL DEFAULT 'Open',
  createdate datetime NOT NULL,
  PRIMARY KEY (tbl_period_id)
)
ENGINE = INNODB,
AUTO_INCREMENT = 22,
AVG_ROW_LENGTH = 1638,
CHARACTER SET utf8mb4,
COLLATE utf8mb4_unicode_ci;

--
-- Create table `tbl_ledger_s_26`
--
CREATE TABLE tbl_ledger_s_26 (
  tbl_ledger_S_26_id bigint UNSIGNED NOT NULL AUTO_INCREMENT,
  transanction_date datetime NOT NULL,
  description varbinary(255) NOT NULL DEFAULT '',
  transaction_code_id bigint NOT NULL,
  amount decimal(8, 2) NOT NULL,
  currency_id bigint UNSIGNED NOT NULL,
  account_id bigint NOT NULL,
  createdate datetime NOT NULL,
  period_id bigint UNSIGNED NOT NULL,
  PRIMARY KEY (tbl_ledger_S_26_id)
)
ENGINE = INNODB,
AUTO_INCREMENT = 596,
AVG_ROW_LENGTH = 242,
CHARACTER SET utf8mb4,
COLLATE utf8mb4_unicode_ci;

--
-- Create view `vw_worldwide_contrib_per_period_exch_out`
--
CREATE
DEFINER = 'root'@'localhost'
VIEW vw_worldwide_contrib_per_period_exch_out
AS
SELECT
  SUM(`tbl_ledger_s_26`.`amount`) AS `totalAmountOut`,
  `tbl_ledger_s_26`.`currency_id` AS `currency_id`,
  `tbl_ledger_s_26`.`period_id` AS `period_id`
FROM `tbl_ledger_s_26`
WHERE ((1 = 1)
AND (`tbl_ledger_s_26`.`transaction_code_id` = 12))
GROUP BY `tbl_ledger_s_26`.`currency_id`,
         `tbl_ledger_s_26`.`period_id`;

--
-- Create view `vw_worldwide_contrib_per_period`
--
CREATE
DEFINER = 'root'@'localhost'
VIEW vw_worldwide_contrib_per_period
AS
SELECT
  SUM(`tbl_ledger_s_26`.`amount`) AS `totalAmount`,
  `tbl_ledger_s_26`.`currency_id` AS `currency_id`,
  `tbl_ledger_s_26`.`period_id` AS `period_id`
FROM `tbl_ledger_s_26`
WHERE ((1 = 1)
AND (`tbl_ledger_s_26`.`transaction_code_id` IN (1, 11)))
GROUP BY `tbl_ledger_s_26`.`currency_id`,
         `tbl_ledger_s_26`.`period_id`;

--
-- Create view `vw_currency_acount_exchange`
--
CREATE
DEFINER = 'root'@'localhost'
VIEW vw_currency_acount_exchange
AS
SELECT
  `tls26`.`transaction_code_id` AS `transaction_code_id`,
  SUM(`tls26`.`amount`) AS `sum_amount_exchanged`,
  `tls26`.`currency_id` AS `currency_id`,
  `tls26`.`period_id` AS `period_id`,
  `tp`.`status` AS `status`
FROM (`tbl_ledger_s_26` `tls26`
  LEFT JOIN `tbl_period` `tp`
    ON ((`tp`.`tbl_period_id` = `tls26`.`period_id`)))
WHERE ((1 = 1)
AND (`tls26`.`transaction_code_id` = 12))
GROUP BY `tls26`.`transaction_code_id`,
         `tls26`.`currency_id`,
         `tls26`.`period_id`,
         `tp`.`status`;

--
-- Create table `tbl_to_62_trans_type`
--
CREATE TABLE tbl_to_62_trans_type (
  tbl_to_62_trans_type_id bigint UNSIGNED NOT NULL AUTO_INCREMENT,
  description varchar(255) NOT NULL DEFAULT '',
  label varchar(255) NOT NULL DEFAULT '',
  createdate datetime NOT NULL,
  PRIMARY KEY (tbl_to_62_trans_type_id)
)
ENGINE = INNODB,
AUTO_INCREMENT = 5,
AVG_ROW_LENGTH = 4096,
CHARACTER SET utf8mb4,
COLLATE utf8mb4_unicode_ci;

--
-- Create table `tbl_record_funds_trans_to_62`
--
CREATE TABLE tbl_record_funds_trans_to_62 (
  tbl_record_funds_trans_to_62_id bigint UNSIGNED NOT NULL AUTO_INCREMENT,
  amount decimal(8, 2) DEFAULT NULL,
  to_62_reference bigint UNSIGNED NOT NULL,
  to_62_trans_type_id bigint NOT NULL,
  createdate datetime NOT NULL,
  PRIMARY KEY (tbl_record_funds_trans_to_62_id)
)
ENGINE = INNODB,
AUTO_INCREMENT = 57,
AVG_ROW_LENGTH = 963,
CHARACTER SET utf8mb4,
COLLATE utf8mb4_unicode_ci;

--
-- Create table `tbl_to_62_reference`
--
CREATE TABLE tbl_to_62_reference (
  tbl_to_62_reference_id bigint UNSIGNED NOT NULL AUTO_INCREMENT,
  stage enum ('Pending', 'Finalised') NOT NULL DEFAULT 'Pending',
  currency_id bigint UNSIGNED NOT NULL,
  period_id bigint NOT NULL,
  referrence_no varchar(255) DEFAULT NULL,
  transfer_method enum ('AT', 'ET_DDBA', 'C_MO') DEFAULT NULL,
  transer_date datetime DEFAULT NULL,
  createdate datetime NOT NULL,
  PRIMARY KEY (tbl_to_62_reference_id)
)
ENGINE = INNODB,
AUTO_INCREMENT = 19,
AVG_ROW_LENGTH = 1638,
CHARACTER SET utf8mb4,
COLLATE utf8mb4_unicode_ci;

--
-- Create view `vw_for_to_62_pdf_report`
--
CREATE
DEFINER = 'root'@'localhost'
VIEW vw_for_to_62_pdf_report
AS
SELECT
  `tp`.`tbl_period_id` AS `tbl_period_id`,
  `tttt`.`tbl_to_62_trans_type_id` AS `tbl_to_62_trans_type_id`,
  `tttt`.`description` AS `description`,
  `trftt`.`amount` AS `amount`,
  `ttr`.`tbl_to_62_reference_id` AS `tbl_to_62_reference_id`,
  `t`.`currency_id` AS `currency_id`,
  `ttr`.`referrence_no` AS `referrence_no`,
  `ttr`.`transer_date` AS `transer_date`
FROM ((((`tbl_period` `tp`
  LEFT JOIN `tblcurrency` `t`
    ON ((1 = 1)))
  LEFT JOIN `tbl_to_62_trans_type` `tttt`
    ON ((1 = 1)))
  LEFT JOIN `tbl_to_62_reference` `ttr`
    ON (((`ttr`.`period_id` = `tp`.`tbl_period_id`)
    AND (`t`.`currency_id` = `ttr`.`currency_id`))))
  LEFT JOIN `tbl_record_funds_trans_to_62` `trftt`
    ON (((`ttr`.`tbl_to_62_reference_id` = `trftt`.`to_62_reference`)
    AND (`trftt`.`to_62_trans_type_id` = `tttt`.`tbl_to_62_trans_type_id`))));

--
-- Create table `tbl_transaction_code`
--
CREATE TABLE tbl_transaction_code (
  tbl_transaction_code_id bigint UNSIGNED NOT NULL AUTO_INCREMENT,
  transaction_code varchar(255) NOT NULL,
  category varchar(255) NOT NULL,
  type enum ('I', 'O', 'IO') NOT NULL,
  createdate datetime NOT NULL,
  PRIMARY KEY (tbl_transaction_code_id)
)
ENGINE = INNODB,
AUTO_INCREMENT = 15,
AVG_ROW_LENGTH = 1170,
CHARACTER SET utf8mb4,
COLLATE utf8mb4_unicode_ci;

--
-- Create view `vw_s26_data`
--
CREATE
DEFINER = 'root'@'localhost'
VIEW vw_s26_data
AS
SELECT
  DAYOFMONTH(`tls`.`transanction_date`) AS `trans_day`,
  `tls`.`description` AS `description`,
  (CASE WHEN (`tls`.`transaction_code_id` = 9) THEN 'D' WHEN (`tls`.`transaction_code_id` IN (10, 11, 12, 13, 14)) THEN NULL ELSE `ttc`.`transaction_code` END) AS `transaction_code`,
  (CASE WHEN ((`tls`.`account_id` = 1) AND
      (`ttc`.`type` = 'I')) THEN `tls`.`amount` END) AS `rec_in`,
  (CASE WHEN ((`tls`.`account_id` = 1) AND
      (`ttc`.`type` = 'O')) THEN `tls`.`amount` END) AS `rec_out`,
  (CASE WHEN ((`tls`.`account_id` = 2) AND
      (`ttc`.`type` = 'I')) THEN `tls`.`amount` WHEN (`tls`.`transaction_code_id` = 9) THEN `tls`.`amount` END) AS `prim_in`,
  (CASE WHEN ((`tls`.`account_id` = 2) AND
      (`ttc`.`type` = 'O')) THEN `tls`.`amount` END) AS `prim_out`,
  (CASE WHEN ((`tls`.`account_id` = 3) AND
      (`ttc`.`type` = 'I')) THEN `tls`.`amount` END) AS `seca_in`,
  (CASE WHEN ((`tls`.`account_id` = 3) AND
      (`ttc`.`type` = 'O')) THEN `tls`.`amount` END) AS `seca_out`,
  `tls`.`currency_id` AS `currency_id`,
  `tls`.`createdate` AS `createdate`,
  `tls`.`createdate` AS `createdate_actual`,
  `tls`.`period_id` AS `period_id`,
  `tls`.`tbl_ledger_S_26_id` AS `tbl_ledger_S_26_id`,
  `tls`.`transaction_code_id` AS `transaction_code_id`
FROM (`tbl_ledger_s_26` `tls`
  LEFT JOIN `tbl_transaction_code` `ttc`
    ON ((`tls`.`transaction_code_id` = `ttc`.`tbl_transaction_code_id`)))
WHERE ((1 = 1)
AND (`tls`.`transaction_code_id` <> 8))
UNION
SELECT
  DAYOFMONTH(`tls`.`transanction_date`) AS `trans_day`,
  CONCAT('     ', `tttt`.`description`, ' - [', `trftt`.`amount`, ']') AS `description`,
  'CTBSUP' AS `transaction_code`,
  NULL AS `rec_in`,
  NULL AS `rec_out`,
  NULL AS `prim_in`,
  NULL AS `prim_out`,
  NULL AS `seca_in`,
  NULL AS `seca_out`,
  `tls`.`currency_id` AS `currency_id`,
  (`tls`.`createdate` + INTERVAL `tttt`.`tbl_to_62_trans_type_id` DAY) AS `createdate`,
  `tls`.`createdate` AS `createdate_actual`,
  `tls`.`period_id` AS `period_id`,
  `tls`.`tbl_ledger_S_26_id` AS `tbl_ledger_S_26_id`,
  `tls`.`transaction_code_id` AS `transaction_code_id`
FROM ((((`tbl_ledger_s_26` `tls`
  LEFT JOIN `tbl_transaction_code` `ttc`
    ON ((`tls`.`transaction_code_id` = `ttc`.`tbl_transaction_code_id`)))
  LEFT JOIN `tbl_to_62_reference` `ttr`
    ON (((`tls`.`period_id` = `ttr`.`period_id`)
    AND (`tls`.`currency_id` = `ttr`.`currency_id`))))
  LEFT JOIN `tbl_record_funds_trans_to_62` `trftt`
    ON ((`trftt`.`to_62_reference` = `ttr`.`tbl_to_62_reference_id`)))
  LEFT JOIN `tbl_to_62_trans_type` `tttt`
    ON ((`trftt`.`to_62_trans_type_id` = `tttt`.`tbl_to_62_trans_type_id`)))
WHERE ((1 = 1)
AND (`tls`.`transaction_code_id` = 10));

--
-- Create view `vw_currency_valid_for_to62`
--
CREATE
DEFINER = 'root'@'localhost'
VIEW vw_currency_valid_for_to62
AS
SELECT
  SUM((CASE WHEN (`ttc`.`type` = 'I') THEN `tblls26`.`amount` WHEN (`ttc`.`type` = 'O') THEN -(`tblls26`.`amount`) END)) AS `amount`,
  `tblls26`.`currency_id` AS `currency_id`,
  `tblcurrency`.`currency` AS `currency`,
  `tblls26`.`period_id` AS `period_id`
FROM (((`tbl_ledger_s_26` `tblls26`
  LEFT JOIN `tbl_period` `tp`
    ON (((`tblls26`.`period_id` = `tp`.`tbl_period_id`)
    AND (`tp`.`status` = 'Open'))))
  LEFT JOIN `tbl_transaction_code` `ttc`
    ON ((`tblls26`.`transaction_code_id` = `ttc`.`tbl_transaction_code_id`)))
  LEFT JOIN `tblcurrency`
    ON ((`tblls26`.`currency_id` = `tblcurrency`.`currency_id`)))
WHERE ((1 = 1)
AND (`tblls26`.`account_id` = 2))
GROUP BY `tblls26`.`currency_id`,
         `tblcurrency`.`currency`,
         `tblls26`.`period_id`
HAVING (SUM((CASE WHEN (`ttc`.`type` = 'I') THEN `tblls26`.`amount` WHEN (`ttc`.`type` = 'O') THEN -(`tblls26`.`amount`) END)) > 0);

--
-- Create view `vw_account_summary`
--
CREATE
DEFINER = 'root'@'localhost'
VIEW vw_account_summary
AS
SELECT
  `tblls26`.`account_id` AS `account_id`,
  COALESCE(SUM((CASE WHEN (`ttc`.`type` = 'I') THEN `tblls26`.`amount` END)), 0.00) AS `income_amount`,
  COALESCE(SUM((CASE WHEN (`ttc`.`type` = 'O') THEN -(`tblls26`.`amount`) END)), 0.00) AS `out_amount`,
  COALESCE(SUM((CASE WHEN (`ttc`.`type` = 'I') THEN `tblls26`.`amount` WHEN (`ttc`.`type` = 'O') THEN -(`tblls26`.`amount`) END)), 0.00) AS `net_amount`,
  `tblls26`.`currency_id` AS `currency_id`,
  `tblcurrency`.`currency` AS `currency`,
  `tblls26`.`period_id` AS `period_id`,
  `tp`.`status` AS `status`
FROM (((`tbl_ledger_s_26` `tblls26`
  LEFT JOIN `tbl_period` `tp`
    ON ((`tblls26`.`period_id` = `tp`.`tbl_period_id`)))
  LEFT JOIN `tbl_transaction_code` `ttc`
    ON ((`tblls26`.`transaction_code_id` = `ttc`.`tbl_transaction_code_id`)))
  LEFT JOIN `tblcurrency`
    ON ((`tblls26`.`currency_id` = `tblcurrency`.`currency_id`)))
WHERE (1 = 1)
GROUP BY `tblls26`.`account_id`,
         `tblls26`.`currency_id`,
         `tblcurrency`.`currency`,
         `tblls26`.`period_id`,
         `tp`.`status`;

--
-- Create table `tbl_account`
--
CREATE TABLE tbl_account (
  tbl_account_id bigint UNSIGNED NOT NULL AUTO_INCREMENT,
  account varchar(255) NOT NULL DEFAULT '',
  createdate datetime NOT NULL,
  PRIMARY KEY (tbl_account_id)
)
ENGINE = INNODB,
AUTO_INCREMENT = 4,
AVG_ROW_LENGTH = 5461,
CHARACTER SET utf8mb4,
COLLATE utf8mb4_unicode_ci;

--
-- Create table `tbl_closing_details`
--
CREATE TABLE tbl_closing_details (
  tbl_closing_details_id bigint UNSIGNED NOT NULL AUTO_INCREMENT,
  period_id bigint NOT NULL,
  currency_id bigint UNSIGNED NOT NULL,
  cash_in_box decimal(10, 2) NOT NULL,
  complete_pay_not_recorde decimal(10, 2) DEFAULT NULL,
  cash_adv_not_clr decimal(10, 2) DEFAULT NULL,
  ww_cary_fwd decimal(10, 4) DEFAULT 0.0000,
  createdate datetime NOT NULL,
  PRIMARY KEY (tbl_closing_details_id)
)
ENGINE = INNODB,
AUTO_INCREMENT = 54,
AVG_ROW_LENGTH = 585,
CHARACTER SET utf8mb4,
COLLATE utf8mb4_unicode_ci;

--
-- Create view `vw_cash_box_standing`
--
CREATE
DEFINER = 'root'@'localhost'
VIEW vw_cash_box_standing
AS
SELECT
  `tp`.`tbl_period_id` AS `tbl_period_id`,
  `tp`.`status` AS `status`,
  `t`.`currency_id` AS `currency_id`,
  `tcd`.`cash_in_box` AS `cash_in_box`,
  `tcd`.`complete_pay_not_recorde` AS `complete_pay_not_recorde`,
  `tcd`.`cash_adv_not_clr` AS `cash_adv_not_clr`,
  `tcd`.`tbl_closing_details_id` AS `tbl_closing_details_id`
FROM ((`tbl_period` `tp`
  LEFT JOIN `tblcurrency` `t`
    ON ((1 = 1)))
  LEFT JOIN `tbl_closing_details` `tcd`
    ON (((`tcd`.`period_id` = `tp`.`tbl_period_id`)
    AND (`t`.`currency_id` = `tcd`.`currency_id`))));

--
-- Create table `tbl_resolved_mon_contribution`
--
CREATE TABLE tbl_resolved_mon_contribution (
  tbl_resolved_mon_contribution_id bigint UNSIGNED NOT NULL AUTO_INCREMENT,
  currency_id varchar(255) DEFAULT '',
  amount decimal(8, 2) DEFAULT NULL,
  createdate datetime NOT NULL,
  PRIMARY KEY (tbl_resolved_mon_contribution_id)
)
ENGINE = INNODB,
AUTO_INCREMENT = 2,
AVG_ROW_LENGTH = 32768,
CHARACTER SET utf8mb4,
COLLATE utf8mb4_unicode_ci;

--
-- Create view `vw_to_62`
--
CREATE
DEFINER = 'root'@'localhost'
VIEW vw_to_62
AS
SELECT
  `tttt`.`tbl_to_62_trans_type_id` AS `tbl_to_62_trans_type_id`,
  `tttt`.`description` AS `description`,
  `tttt`.`label` AS `label`,
  `ttr`.`tbl_to_62_reference_id` AS `tbl_to_62_reference_id`,
  COALESCE(`ttr`.`currency_id`, `t`.`currency_id`) AS `currency_id`,
  `ttr`.`period_id` AS `period_id`,
  `tp`.`status` AS `period_status`,
  `ttr`.`referrence_no` AS `referrence_no`,
  `ttr`.`transfer_method` AS `transfer_method`,
  `ttr`.`transer_date` AS `transer_date`,
  (COALESCE(`trftt`.`amount`, `vwcpp`.`totalAmount`, (CASE WHEN (`tls`.`amount` IS NULL) THEN `trmc`.`amount` ELSE NULL END), 0.00) + COALESCE((CASE WHEN (`tls`.`amount` IS NULL) THEN `tcd_prev`.`ww_cary_fwd` ELSE NULL END), 0.00)) AS `amount`,
  `trftt`.`to_62_trans_type_id` AS `to_62_trans_type_id`,
  `trftt`.`tbl_record_funds_trans_to_62_id` AS `tbl_record_funds_trans_to_62_id`
FROM ((((((((`tbl_period` `tp`
  LEFT JOIN `tbl_to_62_trans_type` `tttt`
    ON ((1 = 1)))
  LEFT JOIN `tblcurrency` `t`
    ON ((1 = 1)))
  LEFT JOIN `tbl_to_62_reference` `ttr`
    ON (((`ttr`.`period_id` = `tp`.`tbl_period_id`)
    AND (`t`.`currency_id` = `ttr`.`currency_id`))))
  LEFT JOIN `tbl_record_funds_trans_to_62` `trftt`
    ON (((`trftt`.`to_62_reference` = `ttr`.`tbl_to_62_reference_id`)
    AND (`trftt`.`to_62_trans_type_id` = `tttt`.`tbl_to_62_trans_type_id`))))
  LEFT JOIN `vw_worldwide_contrib_per_period` `vwcpp`
    ON (((`tp`.`tbl_period_id` = `vwcpp`.`period_id`)
    AND (`vwcpp`.`currency_id` = COALESCE(`ttr`.`currency_id`, `t`.`currency_id`))
    AND (`tttt`.`tbl_to_62_trans_type_id` = 1))))
  LEFT JOIN `tbl_resolved_mon_contribution` `trmc`
    ON (((`tttt`.`tbl_to_62_trans_type_id` = 2)
    AND (`trmc`.`currency_id` = COALESCE(`ttr`.`currency_id`, `t`.`currency_id`)))))
  LEFT JOIN `tbl_closing_details` `tcd_prev`
    ON (((`tp`.`previouse_period_id` = `tcd_prev`.`period_id`)
    AND (COALESCE(`ttr`.`currency_id`, `t`.`currency_id`) = `tcd_prev`.`currency_id`)
    AND (`tttt`.`label` = 'ww'))))
  LEFT JOIN `tbl_ledger_s_26` `tls`
    ON (((`tls`.`period_id` = `tp`.`tbl_period_id`)
    AND (`t`.`currency_id` = `tls`.`currency_id`)
    AND (`tls`.`transaction_code_id` = 10))))
WHERE ((1 = 1)
AND (`tp`.`status` = 'Open'));

--
-- Create table `tbl_acc_closing_det`
--
CREATE TABLE tbl_acc_closing_det (
  tbl_acc_closing_det_id bigint UNSIGNED NOT NULL AUTO_INCREMENT,
  period_id bigint NOT NULL,
  account_id bigint UNSIGNED NOT NULL,
  currency_id bigint UNSIGNED NOT NULL,
  amount_in decimal(10, 2) NOT NULL,
  amount_out decimal(10, 2) NOT NULL,
  amount_closing decimal(10, 2) NOT NULL,
  createdate datetime NOT NULL,
  PRIMARY KEY (tbl_acc_closing_det_id)
)
ENGINE = INNODB,
AUTO_INCREMENT = 91,
AVG_ROW_LENGTH = 744,
CHARACTER SET utf8mb4,
COLLATE utf8mb4_unicode_ci;

--
-- Create view `vw_running_analysis_acc`
--
CREATE
DEFINER = 'root'@'localhost'
VIEW vw_running_analysis_acc
AS
SELECT
  `vwsd`.`trans_day` AS `trans_day`,
  `vwsd`.`transaction_code` AS `transaction_code`,
  `vwsd`.`rec_in` AS `rec_in`,
  `vwsd`.`rec_out` AS `rec_out`,
  `vwsd`.`prim_in` AS `prim_in`,
  `vwsd`.`prim_out` AS `prim_out`,
  ((COALESCE(SUM(`vwsd`.`rec_in`) OVER (PARTITION BY `vwsd`.`period_id`, `vwsd`.`currency_id`
  ORDER BY `vwsd`.`trans_day`, `vwsd`.`createdate`), 0.00) - COALESCE(SUM(`vwsd`.`rec_out`) OVER (PARTITION BY `vwsd`.`period_id`, `vwsd`.`currency_id`
  ORDER BY `vwsd`.`trans_day`, `vwsd`.`createdate`), 0.00)) + COALESCE(`tacd_rc`.`amount_closing`, 0.00)) AS `running_rec_net`,
  ((COALESCE(SUM(`vwsd`.`prim_in`) OVER (PARTITION BY `vwsd`.`period_id`, `vwsd`.`currency_id`
  ORDER BY `vwsd`.`trans_day`, `vwsd`.`createdate`), 0.00) - COALESCE(SUM(`vwsd`.`prim_out`) OVER (PARTITION BY `vwsd`.`period_id`, `vwsd`.`currency_id`
  ORDER BY `vwsd`.`trans_day`, `vwsd`.`createdate`), 0.00)) + COALESCE(`tacd_p`.`amount_closing`, 0.00)) AS `running_prim_net`,
  SUM((CASE `vwsd`.`transaction_code_id` WHEN 1 THEN COALESCE(`vwsd`.`rec_in`, `vwsd`.`prim_in`) WHEN 11 THEN `vwsd`.`prim_in` ELSE NULL END)) OVER (PARTITION BY `vwsd`.`period_id`, `vwsd`.`currency_id`
  ORDER BY `vwsd`.`trans_day`, `vwsd`.`createdate`) AS `running_rec_in_ww`,
  SUM((CASE WHEN ((`vwsd`.`transaction_code_id` = 10) AND
      (`vwsd`.`prim_out` IS NOT NULL)) THEN `trftt`.`amount` ELSE NULL END)) OVER (PARTITION BY `vwsd`.`period_id`, `vwsd`.`currency_id`
  ORDER BY `vwsd`.`trans_day`, `vwsd`.`createdate`) AS `running_ww_sent_to_branch`,
  ((((COALESCE(SUM(`vwsd`.`prim_in`) OVER (PARTITION BY `vwsd`.`period_id`, `vwsd`.`currency_id`
  ORDER BY `vwsd`.`trans_day`, `vwsd`.`createdate`), 0.00) - COALESCE(SUM(`vwsd`.`prim_out`) OVER (PARTITION BY `vwsd`.`period_id`, `vwsd`.`currency_id`
  ORDER BY `vwsd`.`trans_day`, `vwsd`.`createdate`), 0.00)) + COALESCE(`tacd_p`.`amount_closing`, 0.00)) - COALESCE(SUM((CASE `vwsd`.`transaction_code_id` WHEN 1 THEN COALESCE(`vwsd`.`rec_in`, `vwsd`.`prim_in`) WHEN 11 THEN `vwsd`.`prim_in` ELSE NULL END)) OVER (PARTITION BY `vwsd`.`period_id`, `vwsd`.`currency_id`
  ORDER BY `vwsd`.`trans_day`, `vwsd`.`createdate`), 0.00)) + COALESCE(SUM((CASE WHEN ((`vwsd`.`transaction_code_id` = 10) AND
      (`vwsd`.`prim_out` IS NOT NULL)) THEN `trftt`.`amount` ELSE NULL END)) OVER (PARTITION BY `vwsd`.`period_id`, `vwsd`.`currency_id`
  ORDER BY `vwsd`.`trans_day`, `vwsd`.`createdate`), 0.00)) AS `running_amnt_for_congr_expense`,
  `vwsd`.`currency_id` AS `currency_id`,
  `vwsd`.`createdate` AS `createdate`,
  `vwsd`.`period_id` AS `period_id`,
  `tp`.`status` AS `status`
FROM (((((`vw_s26_data` `vwsd`
  LEFT JOIN `tbl_period` `tp`
    ON ((`tp`.`tbl_period_id` = `vwsd`.`period_id`)))
  LEFT JOIN `tbl_acc_closing_det` `tacd_rc`
    ON (((`tp`.`previouse_period_id` = `tacd_rc`.`period_id`)
    AND (`vwsd`.`currency_id` = `tacd_rc`.`currency_id`)
    AND (`tacd_rc`.`account_id` = 1))))
  LEFT JOIN `tbl_acc_closing_det` `tacd_p`
    ON (((`tp`.`previouse_period_id` = `tacd_p`.`period_id`)
    AND (`vwsd`.`currency_id` = `tacd_p`.`currency_id`)
    AND (`tacd_p`.`account_id` = 2))))
  LEFT JOIN `tbl_to_62_reference` `ttr`
    ON (((`vwsd`.`period_id` = `ttr`.`period_id`)
    AND (`vwsd`.`currency_id` = `ttr`.`currency_id`))))
  LEFT JOIN `tbl_record_funds_trans_to_62` `trftt`
    ON (((`trftt`.`to_62_reference` = `ttr`.`tbl_to_62_reference_id`)
    AND (`trftt`.`to_62_trans_type_id` = 1)
    AND (`vwsd`.`transaction_code_id` = 10))))
UNION
SELECT
  0 AS `trans_day`,
  'ST' AS `transaction_code`,
  NULL AS `rec_in`,
  NULL AS `rec_out`,
  NULL AS `prim_in`,
  NULL AS `prim_out`,
  `tacd_rec`.`amount_closing` AS `running_rec_net`,
  `tacd_prim`.`amount_closing` AS `running_prim_net`,
  NULL AS `running_rec_in_ww`,
  NULL AS `running_ww_sent_to_branch`,
  `tacd_prim`.`amount_closing` AS `running_amnt_for_congr_expense`,
  `t`.`currency_id` AS `currency_id`,
  `tp`.`createdate` AS `createdate`,
  `tp`.`tbl_period_id` AS `tbl_period_id`,
  `tp`.`status` AS `status`
FROM (((`tbl_period` `tp`
  LEFT JOIN `tblcurrency` `t`
    ON ((1 = 1)))
  LEFT JOIN `tbl_acc_closing_det` `tacd_rec`
    ON (((`tacd_rec`.`period_id` = `tp`.`previouse_period_id`)
    AND (`t`.`currency_id` = `tacd_rec`.`currency_id`)
    AND (`tacd_rec`.`account_id` = 1))))
  LEFT JOIN `tbl_acc_closing_det` `tacd_prim`
    ON (((`tacd_prim`.`period_id` = `tp`.`previouse_period_id`)
    AND (`t`.`currency_id` = `tacd_prim`.`currency_id`)
    AND (`tacd_prim`.`account_id` = 2))));

--
-- Create view `vw_extract_date`
--
CREATE
DEFINER = 'root'@'localhost'
VIEW vw_extract_date
AS
SELECT
  `tp`.`tbl_period_id` AS `tbl_period_id`,
  `tacd`.`currency_id` AS `currency_id`,
  MAX(`tacd`.`createdate`) AS `max_createdate`,
  CONCAT(DAYOFMONTH(MAX(`tacd`.`createdate`)), ' ', MONTHNAME(MAX(`tacd`.`createdate`)), ' ', YEAR(MAX(`tacd`.`createdate`))) AS `close_date`,
  CONCAT(DAYOFMONTH(CURDATE()), ' ', MONTHNAME(CURDATE()), ' ', YEAR(CURDATE())) AS `date_plc_holder`,
  COALESCE(CONCAT(DAYOFMONTH(MAX(`tacd`.`createdate`)), ' ', MONTHNAME(MAX(`tacd`.`createdate`)), ' ', YEAR(MAX(`tacd`.`createdate`))), CONCAT(DAYOFMONTH(CURDATE()), ' ', MONTHNAME(CURDATE()), ' ', YEAR(CURDATE()))) AS `extract_date`
FROM (`tbl_period` `tp`
  LEFT JOIN `tbl_acc_closing_det` `tacd`
    ON ((`tacd`.`period_id` = `tp`.`tbl_period_id`)))
GROUP BY `tp`.`tbl_period_id`,
         `tacd`.`currency_id`;

--
-- Create view `vw_cash_box_snap`
--
CREATE
DEFINER = 'root'@'localhost'
VIEW vw_cash_box_snap
AS
SELECT
  `tp`.`tbl_period_id` AS `tbl_period_id`,
  `t`.`currency_id` AS `currency_id`,
  `tp`.`status` AS `status`,
  COALESCE(`tacd_prev`.`amount_closing`, 0.00) AS `amount_closing_previouse`,
  COALESCE(`vas`.`net_amount`, 0.00) AS `primary_account_net`,
  COALESCE(`tcd`.`complete_pay_not_recorde`, 0.00) AS `complete_pay_not_recorde`,
  COALESCE(`tcd`.`cash_adv_not_clr`, 0.00) AS `cash_adv_not_clr`,
  (COALESCE(`vwcpp`.`totalAmount`, 0.00) - COALESCE(`vwcppeo`.`totalAmountOut`, 0.00)) AS `ww_from_contri_box`,
  COALESCE(`trmc`.`amount`, 0.00) AS `resolvedMonContrib`,
  (COALESCE(ABS(`vas`.`income_amount`), 0.00) + COALESCE(ABS(`vas`.`out_amount`), 0.00)) AS `abs_in_plus_out_for_month`,
  COALESCE(`tcd`.`cash_in_box`, 0.00) AS `physically_counted_money_in_cash_box`,
  `tcd`.`cash_in_box` AS `amount_in_cash_box_is_captured`,
  (((COALESCE(`tacd_prev`.`amount_closing`, 0.00) + COALESCE(`vas`.`net_amount`, 0.00)) - COALESCE(`tcd`.`complete_pay_not_recorde`, 0.00)) - COALESCE(`tcd`.`cash_adv_not_clr`, 0.00)) AS `amount_in_cash_box`,
  (((((COALESCE(`tacd_prev`.`amount_closing`, 0.00) + COALESCE(`vas`.`net_amount`, 0.00)) - COALESCE(`tcd`.`complete_pay_not_recorde`, 0.00)) - COALESCE(`tcd`.`cash_adv_not_clr`, 0.00)) - COALESCE(`vwcpp`.`totalAmount`, 0.00)) + COALESCE(`vwcppeo`.`totalAmountOut`, 0.00)) AS `amount_in_cash_box_less_ww`,
  ((((((COALESCE(`tacd_prev`.`amount_closing`, 0.00) + COALESCE(`vas`.`net_amount`, 0.00)) - COALESCE(`tcd`.`complete_pay_not_recorde`, 0.00)) - COALESCE(`tcd`.`cash_adv_not_clr`, 0.00)) - COALESCE(`vwcpp`.`totalAmount`, 0.00)) - COALESCE(`trmc`.`amount`, 0.00)) + COALESCE(`vwcppeo`.`totalAmountOut`, 0.00)) AS `amount_for_congr_use_less_reslov`
FROM ((((((((`tbl_period` `tp`
  LEFT JOIN `tblcurrency` `t`
    ON ((1 = 1)))
  LEFT JOIN `tbl_ledger_s_26` `tls26`
    ON (((`t`.`currency_id` = `tls26`.`currency_id`)
    AND (`tls26`.`period_id` = `tp`.`tbl_period_id`)
    AND (`tls26`.`transaction_code_id` = 10))))
  LEFT JOIN `vw_account_summary` `vas`
    ON (((`vas`.`period_id` = `tp`.`tbl_period_id`)
    AND (`vas`.`account_id` = 2)
    AND (`t`.`currency_id` = `vas`.`currency_id`))))
  LEFT JOIN `tbl_acc_closing_det` `tacd_prev`
    ON (((`tacd_prev`.`period_id` = `tp`.`previouse_period_id`)
    AND (`tacd_prev`.`account_id` = 2)
    AND (`t`.`currency_id` = `tacd_prev`.`currency_id`))))
  LEFT JOIN `tbl_closing_details` `tcd`
    ON (((`tcd`.`period_id` = `tp`.`tbl_period_id`)
    AND (`t`.`currency_id` = `tcd`.`currency_id`))))
  LEFT JOIN `vw_worldwide_contrib_per_period` `vwcpp`
    ON (((`vwcpp`.`period_id` = `tp`.`tbl_period_id`)
    AND (`t`.`currency_id` = `vwcpp`.`currency_id`)
    AND (`tls26`.`tbl_ledger_S_26_id` IS NULL))))
  LEFT JOIN `tbl_resolved_mon_contribution` `trmc`
    ON (((`t`.`currency_id` = `trmc`.`currency_id`)
    AND (`tls26`.`tbl_ledger_S_26_id` IS NULL))))
  LEFT JOIN `vw_worldwide_contrib_per_period_exch_out` `vwcppeo`
    ON (((`vwcppeo`.`period_id` = `tp`.`tbl_period_id`)
    AND (`t`.`currency_id` = `vwcppeo`.`currency_id`))))
WHERE (1 = 1);

--
-- Create view `vw_account_standing_p2p`
--
CREATE
DEFINER = 'root'@'localhost'
VIEW vw_account_standing_p2p
AS
SELECT
  `tp`.`tbl_period_id` AS `tbl_period_id`,
  `ta`.`tbl_account_id` AS `tbl_account_id`,
  `t`.`currency_id` AS `currency_id`,
  `tp`.`status` AS `status`,
  COALESCE(`tacd_prev`.`amount_closing`, 0.00) AS `amount_closing_previouse`,
  COALESCE(`vas`.`income_amount`, 0.00) AS `income_amount_curr_mon`,
  COALESCE(`vas`.`out_amount`, 0.00) AS `outbound_amount_curr_mon`,
  COALESCE(`vas`.`net_amount`, 0.00) AS `account_net_amount_curr_mon`,
  (COALESCE(`vas`.`net_amount`, 0.00) + COALESCE(`tacd_prev`.`amount_closing`, 0.00)) AS `account_net_amount`
FROM (((((`tbl_period` `tp`
  LEFT JOIN `tblcurrency` `t`
    ON ((1 = 1)))
  LEFT JOIN `tbl_account` `ta`
    ON ((1 = 1)))
  LEFT JOIN `vw_account_summary` `vas`
    ON (((`vas`.`period_id` = `tp`.`tbl_period_id`)
    AND (`vas`.`account_id` = `ta`.`tbl_account_id`)
    AND (`t`.`currency_id` = `vas`.`currency_id`))))
  LEFT JOIN `tbl_acc_closing_det` `tacd_prev`
    ON (((`tacd_prev`.`period_id` = `tp`.`previouse_period_id`)
    AND (`tacd_prev`.`account_id` = `ta`.`tbl_account_id`)
    AND (`t`.`currency_id` = `tacd_prev`.`currency_id`))))
  LEFT JOIN `tbl_closing_details` `tcd`
    ON (((`tcd`.`period_id` = `tp`.`tbl_period_id`)
    AND (`t`.`currency_id` = `tcd`.`currency_id`))))
WHERE (1 = 1);

--
-- Create view `vw_s26_data_dttables`
--
CREATE
DEFINER = 'root'@'localhost'
VIEW vw_s26_data_dttables
AS
SELECT
  `vw_s26_data`.`trans_day` AS `trans_day`,
  `vw_s26_data`.`description` AS `description`,
  `vw_s26_data`.`transaction_code` AS `transaction_code`,
  `vw_s26_data`.`rec_in` AS `rec_in`,
  `vw_s26_data`.`rec_out` AS `rec_out`,
  `vw_s26_data`.`prim_in` AS `prim_in`,
  `vw_s26_data`.`prim_out` AS `prim_out`,
  `vw_s26_data`.`seca_in` AS `seca_in`,
  `vw_s26_data`.`seca_out` AS `seca_out`,
  `vw_s26_data`.`currency_id` AS `currency_id`,
  `vw_s26_data`.`createdate` AS `createdate`,
  `vw_s26_data`.`createdate_actual` AS `createdate_actual`,
  DATE_FORMAT(`vw_s26_data`.`createdate_actual`, '%Y-%m-%d %H:%i:%S') AS `createdate_actual_form`,
  `vw_s26_data`.`period_id` AS `period_id`,
  `vw_s26_data`.`tbl_ledger_S_26_id` AS `tbl_ledger_S_26_id`,
  `vw_s26_data`.`transaction_code_id` AS `transaction_code_id`
FROM `vw_s26_data`
UNION
SELECT
  52 AS `trans_day`,
  'TOTALS OF ALL COLUMNS' AS `description`,
  NULL AS `transaction_code`,
  `vasp_rec`.`income_amount_curr_mon` AS `rec_in`,
  ABS(`vasp_rec`.`outbound_amount_curr_mon`) AS `rec_out`,
  `vasp_prim`.`income_amount_curr_mon` AS `prim_in`,
  ABS(`vasp_prim`.`outbound_amount_curr_mon`) AS `prim_out`,
  NULL AS `seca_in`,
  NULL AS `seca_out`,
  `t`.`currency_id` AS `currency_id`,
  `tp`.`createdate` AS `createdate`,
  `tp`.`createdate` AS `createdate_actual`,
  DATE_FORMAT(`tp`.`createdate`, '%Y-%m-%d %H:%i:%S') AS `createdate_actual_form`,
  `tp`.`tbl_period_id` AS `period_id`,
  NULL AS `tbl_ledger_S_26_id`,
  NULL AS `transaction_code_id`
FROM (((`tbl_period` `tp`
  LEFT JOIN `tblcurrency` `t`
    ON ((1 = 1)))
  LEFT JOIN `vw_account_standing_p2p` `vasp_rec`
    ON (((`tp`.`tbl_period_id` = `vasp_rec`.`tbl_period_id`)
    AND (`vasp_rec`.`tbl_account_id` = 1)
    AND (`t`.`currency_id` = `vasp_rec`.`currency_id`))))
  LEFT JOIN `vw_account_standing_p2p` `vasp_prim`
    ON (((`tp`.`tbl_period_id` = `vasp_prim`.`tbl_period_id`)
    AND (`vasp_prim`.`tbl_account_id` = 2)
    AND (`t`.`currency_id` = `vasp_prim`.`currency_id`))));

--
-- Create table `tbl_mark_for_cary_fwrd_ww`
--
CREATE TABLE tbl_mark_for_cary_fwrd_ww (
  tbl_mark_for_cary_fwrd_ww_id bigint UNSIGNED NOT NULL AUTO_INCREMENT,
  period_id bigint UNSIGNED NOT NULL,
  currency_id bigint NOT NULL,
  state enum ('fwd', 'sent') NOT NULL DEFAULT 'fwd',
  createdate datetime NOT NULL,
  PRIMARY KEY (tbl_mark_for_cary_fwrd_ww_id)
)
ENGINE = INNODB,
AUTO_INCREMENT = 4,
AVG_ROW_LENGTH = 5461,
CHARACTER SET utf8mb4,
COLLATE utf8mb4_unicode_ci;

--
-- Create view `vw_error_warning`
--
CREATE
DEFINER = 'root'@'localhost'
VIEW vw_error_warning
AS
SELECT
  'TO-62 Error' AS `heading`,
  'Error' AS `type`,
  CONCAT('TO-62 Not Captured For Currency ', '', `t`.`currency`) AS `descrip`
FROM ((((((`vw_cash_box_snap` `vcbs`
  LEFT JOIN `vw_currency_acount_exchange` `vcae`
    ON (((`vcbs`.`currency_id` = `vcae`.`currency_id`)
    AND (`vcae`.`period_id` = `vcbs`.`tbl_period_id`))))
  LEFT JOIN `tblcurrency` `t`
    ON ((`vcbs`.`currency_id` = `t`.`currency_id`)))
  LEFT JOIN `tbl_period` `tp`
    ON ((`vcbs`.`tbl_period_id` = `tp`.`tbl_period_id`)))
  LEFT JOIN `tbl_closing_details` `tcd_prev`
    ON (((`vcbs`.`currency_id` = `tcd_prev`.`currency_id`)
    AND (`tp`.`previouse_period_id` = `tcd_prev`.`period_id`))))
  LEFT JOIN `tbl_mark_for_cary_fwrd_ww` `tbl_cdi`
    ON (((`vcbs`.`currency_id` = `tbl_cdi`.`currency_id`)
    AND (`vcbs`.`tbl_period_id` = `tbl_cdi`.`period_id`))))
  LEFT JOIN `tbl_ledger_s_26` `tls`
    ON (((`tls`.`period_id` = `vcbs`.`tbl_period_id`)
    AND (`t`.`currency_id` = `tls`.`currency_id`)
    AND (`tls`.`transaction_code_id` = 10))))
WHERE ((1 = 1)
AND ((`vcbs`.`ww_from_contri_box` + (CASE WHEN (`tls`.`amount` IS NULL) THEN `tcd_prev`.`ww_cary_fwd` ELSE 0.00 END)) <> 0.00)
AND (`vcbs`.`status` = 'Open')
AND ((`tbl_cdi`.`state` = 'sent')
OR (`tbl_cdi`.`state` IS NULL)))
UNION
SELECT
  'Cash Box System Balancing Error' AS `heading`,
  'Error' AS `type`,
  CONCAT('Cash Box Sys vs Physical Not Balancing For  ', '', `t`.`currency`) AS `descrip`
FROM (`vw_cash_box_snap` `vcbs`
  LEFT JOIN `tblcurrency` `t`
    ON ((`vcbs`.`currency_id` = `t`.`currency_id`)))
WHERE ((1 = 1)
AND ((`vcbs`.`amount_in_cash_box` - `vcbs`.`physically_counted_money_in_cash_box`) <> 0.00)
AND (`vcbs`.`status` = 'Open'))
UNION
SELECT
  'Cash Box System Balancing Error' AS `heading`,
  'Error' AS `type`,
  CONCAT('Cash Box Sys vs Physical Not Balancing For  ', '', `t`.`currency`) AS `descrip`
FROM (`vw_cash_box_snap` `vcbs`
  LEFT JOIN `tblcurrency` `t`
    ON ((`vcbs`.`currency_id` = `t`.`currency_id`)))
WHERE ((1 = 1)
AND ((`vcbs`.`amount_in_cash_box` - `vcbs`.`physically_counted_money_in_cash_box`) = 0.00)
AND (`vcbs`.`abs_in_plus_out_for_month` > 0)
AND (`vcbs`.`amount_in_cash_box_is_captured` IS NULL)
AND (`vcbs`.`status` = 'Open'))
UNION
SELECT
  'Receipts Not Deposited  Error' AS `heading`,
  'Error' AS `type`,
  CONCAT('Receipts Not Deposited For  ', '', `t`.`currency`) AS `descrip`
FROM (`vw_account_standing_p2p` `vasp`
  LEFT JOIN `tblcurrency` `t`
    ON ((`vasp`.`currency_id` = `t`.`currency_id`)))
WHERE ((1 = 1)
AND (`vasp`.`status` = 'Open')
AND (`vasp`.`tbl_account_id` = 1)
AND (`vasp`.`account_net_amount` > 0))
UNION
SELECT
  'TO-62 Warning' AS `heading`,
  'Warning' AS `type`,
  CONCAT('TO-62 Being Carried Forward For ', '', `t`.`currency`) AS `descrip`
FROM (((((`vw_cash_box_snap` `vcbs`
  LEFT JOIN `vw_currency_acount_exchange` `vcae`
    ON (((`vcbs`.`currency_id` = `vcae`.`currency_id`)
    AND (`vcae`.`period_id` = `vcbs`.`tbl_period_id`))))
  LEFT JOIN `tblcurrency` `t`
    ON ((`vcbs`.`currency_id` = `t`.`currency_id`)))
  LEFT JOIN `tbl_period` `tp`
    ON ((`vcbs`.`tbl_period_id` = `tp`.`tbl_period_id`)))
  LEFT JOIN `tbl_closing_details` `tcd_prev`
    ON (((`vcbs`.`currency_id` = `tcd_prev`.`currency_id`)
    AND (`tp`.`previouse_period_id` = `tcd_prev`.`period_id`))))
  LEFT JOIN `tbl_mark_for_cary_fwrd_ww` `tbl_cdi`
    ON (((`vcbs`.`currency_id` = `tbl_cdi`.`currency_id`)
    AND (`vcbs`.`tbl_period_id` = `tbl_cdi`.`period_id`))))
WHERE ((1 = 1)
AND ((`vcbs`.`ww_from_contri_box` + `tcd_prev`.`ww_cary_fwd`) <> 0.00)
AND (`vcbs`.`status` = 'Open')
AND (`tbl_cdi`.`state` = 'fwd'));

--
-- Create table `tbl_user`
--
CREATE TABLE tbl_user (
  tbl_user_id bigint NOT NULL AUTO_INCREMENT,
  username varchar(255) NOT NULL,
  password varchar(255) NOT NULL,
  email varchar(255) NOT NULL,
  phone varchar(255) NOT NULL,
  createdate datetime NOT NULL,
  PRIMARY KEY (tbl_user_id)
)
ENGINE = INNODB,
AUTO_INCREMENT = 2,
AVG_ROW_LENGTH = 16384,
CHARACTER SET utf8mb4,
COLLATE utf8mb4_unicode_ci;

--
-- Create table `tbl_congregation_detail`
--
CREATE TABLE tbl_congregation_detail (
  tbl_congregation_detail_id bigint UNSIGNED NOT NULL AUTO_INCREMENT,
  congregation_name varchar(255) NOT NULL DEFAULT '',
  city varchar(255) NOT NULL DEFAULT '',
  province_state varchar(255) NOT NULL DEFAULT '',
  PRIMARY KEY (tbl_congregation_detail_id)
)
ENGINE = INNODB,
AUTO_INCREMENT = 2,
AVG_ROW_LENGTH = 16384,
CHARACTER SET utf8mb4,
COLLATE utf8mb4_unicode_ci;

-- 
-- Dumping data for table tbl_user
--
INSERT INTO tbl_user VALUES
(1, 'admin', '$2y$11$dTlkLI/5P6NcE5eOFLVrwOyecdWnycevWyWKPr3M.W9kkpkMWr3.2', '', '', '2022-06-16 11:14:30');

-- 
-- Dumping data for table tbl_transaction_code
--
INSERT INTO tbl_transaction_code VALUES
(1, 'W', 'Contributions for the worldwide work', 'I', '2022-06-15 00:00:00'),
(2, 'C', 'Contributions for the local congregation', 'I', '2022-06-15 00:00:00'),
(3, 'S', 'Funds received for a special purpose', 'I', '2022-06-15 00:00:00'),
(4, 'F', 'Funds received from the branch office for a Kingdom Hall renovation or repair project', 'I', '2022-06-15 00:00:00'),
(5, 'D', 'Deposit to primary account', 'IO', '2022-06-15 00:00:00'),
(6, 'E', 'Congregation expenditure', 'O', '2022-06-15 00:00:00'),
(7, 'P', 'Expenditure for a Kingdom Hall renovation or repair project funded by the branch office and return of remaining funds at the conclusion of the project', 'O', '2022-06-15 00:00:00'),
(8, 'DI', 'Deposit to primary account', 'I', '2022-06-16 00:00:00'),
(9, 'DO', 'Deposit to primary account', 'O', '2022-06-16 00:00:00'),
(10, 'CTB', 'To Branch Office', 'O', '2022-06-16 00:00:00'),
(11, 'FRXWI', 'Changed Currency For WW Amount To ...', 'I', '2022-07-01 00:00:00'),
(12, 'FRXWO', 'Changed Currency For WW Amount To ...', 'O', '2022-07-01 00:00:00'),
(13, 'FRXCI', 'Changed Currency For  CC Amount To ...', 'I', '2022-07-08 00:00:00'),
(14, 'FRXCO', 'Changed Currency For  CC Amount To ...', 'O', '2022-07-08 00:00:00');

-- 
-- Dumping data for table tbl_to_62_trans_type
--
INSERT INTO tbl_to_62_trans_type VALUES
(1, 'WorldwideWork (From contribution boxes)', 'ww', '2022-06-19 00:00:00'),
(2, 'Resolved monthly donation', 'wr', '2022-06-19 00:00:00'),
(3, 'Payment of Charges on Account', 'coa', '2022-06-19 00:00:00'),
(4, 'Resolved donation of excess funds', 'wr', '2022-06-19 00:00:00');

-- 
-- Dumping data for table tbl_to_62_reference
--
INSERT INTO tbl_to_62_reference VALUES
(1, 'Pending', 1, 1, 'TT/22124/ZTV2G', 'ET_DDBA', '2022-04-30 00:00:00', '2022-07-15 09:46:44'),
(2, 'Pending', 1, 2, 'TT/22124/YLF9X', 'ET_DDBA', '2022-05-31 00:00:00', '2022-07-17 11:38:08'),
(3, 'Pending', 1, 3, 'TT/22181/8P7J9', 'ET_DDBA', '2022-06-30 00:00:00', '2022-07-26 01:39:28'),
(4, 'Pending', 1, 4, 'TT/22209/TNVFP', 'ET_DDBA', '2022-07-28 00:00:00', '2022-08-02 01:21:59'),
(5, 'Pending', 1, 5, 'TT/22243/WF026', 'ET_DDBA', '2022-08-31 00:00:00', '2022-09-04 12:34:47'),
(6, 'Pending', 1, 6, 'TT/22283/DGYQQ', 'ET_DDBA', '2022-09-30 00:00:00', '2022-10-14 12:27:11'),
(7, 'Pending', 1, 7, 'TT/22313/NPF2N', 'ET_DDBA', '2022-10-31 00:00:00', '2022-11-30 07:42:41'),
(8, 'Pending', 1, 8, 'TT/22336/F46CK', 'ET_DDBA', '2022-11-30 00:00:00', '2022-12-04 01:22:39'),
(9, 'Pending', 1, 9, 'TT/23004/5PJFB', 'ET_DDBA', '2022-12-31 00:00:00', '2023-02-07 12:02:21'),
(10, 'Pending', 1, 10, 'TT/23040/8CQ47', 'ET_DDBA', '2023-01-31 00:00:00', '2023-02-21 02:15:26'),
(11, 'Pending', 1, 11, '__', 'ET_DDBA', '2023-02-28 00:00:00', '2023-03-21 01:34:13'),
(12, 'Pending', 1, 12, '__', 'ET_DDBA', '2023-03-31 00:00:00', '2023-05-09 11:56:53'),
(13, 'Pending', 1, 13, 'TT/23128/28FV7', 'ET_DDBA', '2023-04-30 00:00:00', '2023-05-11 04:15:14'),
(14, 'Pending', 1, 15, '__', 'ET_DDBA', '2023-07-31 00:00:00', '2023-08-07 01:49:21'),
(15, 'Pending', 1, 16, '__', 'ET_DDBA', '2023-08-31 00:00:00', '2023-09-12 09:09:22'),
(16, 'Pending', 1, 17, '__', 'ET_DDBA', '2023-09-30 00:00:00', '2023-10-02 09:39:57'),
(17, 'Pending', 1, 19, '__', 'ET_DDBA', '2023-12-31 00:00:00', '2024-01-07 05:33:26'),
(18, 'Pending', 1, 20, '__', 'AT', '2024-01-31 00:00:00', '2024-02-03 07:56:44');

-- 
-- Dumping data for table tbl_resolved_mon_contribution
--
INSERT INTO tbl_resolved_mon_contribution VALUES
(1, '1', 18.00, '2022-07-07 00:00:00');

-- 
-- Dumping data for table tbl_record_funds_trans_to_62
--
INSERT INTO tbl_record_funds_trans_to_62 VALUES
(1, 15.00, 1, 2, '2022-07-15 09:46:44'),
(2, 2.00, 1, 1, '2022-07-15 09:46:44'),
(7, 15.00, 2, 2, '2022-07-17 11:38:08'),
(8, 28.00, 2, 1, '2022-07-17 11:38:08'),
(9, 15.00, 3, 2, '2022-07-26 01:39:28'),
(10, 37.00, 3, 1, '2022-07-26 01:39:28'),
(11, 15.00, 4, 2, '2022-08-02 01:21:59'),
(12, 39.00, 4, 1, '2022-08-02 01:21:59'),
(13, 15.00, 5, 2, '2022-09-04 12:34:47'),
(14, 48.00, 5, 1, '2022-09-04 12:34:47'),
(17, 77.00, 6, 1, '2022-10-14 12:27:11'),
(18, 10.00, 7, 2, '2022-11-30 07:42:41'),
(19, 31.00, 7, 1, '2022-11-30 07:42:41'),
(24, 15.00, 8, 2, '2022-12-04 01:22:39'),
(25, 29.00, 8, 1, '2022-12-04 01:22:39'),
(27, 67.00, 9, 1, '2023-02-07 12:02:21'),
(31, 13.00, 10, 1, '2023-02-21 02:15:27'),
(32, 40.00, 11, 1, '2023-03-21 01:34:13'),
(42, 13.00, 13, 1, '2023-05-11 04:15:14'),
(45, 65.00, 14, 1, '2023-08-07 01:49:22'),
(46, 15.00, 14, 2, '2023-08-07 01:49:22'),
(47, 22.00, 15, 1, '2023-09-12 09:09:22'),
(48, 15.00, 15, 2, '2023-09-12 09:09:22'),
(49, 24.00, 16, 1, '2023-10-02 09:39:57'),
(50, 18.00, 16, 2, '2023-10-02 09:39:57'),
(53, 36.00, 17, 1, '2024-01-07 05:33:26'),
(54, 18.00, 17, 2, '2024-01-07 05:33:26'),
(55, 11.00, 18, 1, '2024-02-03 07:56:44'),
(56, 18.00, 18, 2, '2024-02-03 07:56:44');

-- 
-- Dumping data for table tbl_period
--
INSERT INTO tbl_period VALUES
(1, '2022-04-01 00:00:00', '2022-04-30 00:00:00', 202204, 2022, 4, 0, 'Closed', '2022-06-17 00:00:00'),
(2, '2022-05-01 00:00:00', '2022-05-31 00:00:00', 202205, 2022, 5, 1, 'Closed', '2022-07-16 07:51:08'),
(3, '2022-06-01 00:00:00', '2022-06-30 00:00:00', 202206, 2022, 6, 2, 'Closed', '2022-07-17 11:46:55'),
(4, '2022-07-01 00:00:00', '2022-07-31 00:00:00', 202207, 2022, 7, 3, 'Closed', '2022-07-26 02:18:15'),
(5, '2022-08-01 00:00:00', '2022-08-31 00:00:00', 202208, 2022, 8, 4, 'Closed', '2022-08-03 12:06:14'),
(6, '2022-09-01 00:00:00', '2022-09-30 00:00:00', 202209, 2022, 9, 5, 'Closed', '2022-09-06 08:25:59'),
(7, '2022-10-01 00:00:00', '2022-10-31 00:00:00', 202210, 2022, 10, 6, 'Closed', '2022-10-14 12:37:13'),
(8, '2022-11-01 00:00:00', '2022-11-30 00:00:00', 202211, 2022, 11, 7, 'Closed', '2022-11-30 07:51:45'),
(9, '2022-12-01 00:00:00', '2022-12-31 00:00:00', 202212, 2022, 12, 8, 'Closed', '2022-12-04 01:24:15'),
(10, '2023-01-01 00:00:00', '2023-01-31 00:00:00', 202301, 2023, 1, 9, 'Closed', '2023-02-07 12:56:46'),
(11, '2023-02-01 00:00:00', '2023-02-28 00:00:00', 202302, 2023, 2, 10, 'Closed', '2023-02-21 02:20:31'),
(12, '2023-03-01 00:00:00', '2023-03-31 00:00:00', 202303, 2023, 3, 11, 'Closed', '2023-03-21 02:19:06'),
(13, '2023-04-01 00:00:00', '2023-04-30 00:00:00', 202304, 2023, 4, 12, 'Closed', '2023-05-09 03:43:38'),
(14, '2023-06-01 00:00:00', '2023-06-30 00:00:00', 202306, 2023, 6, -1, 'Closed', '2023-05-11 07:25:29'),
(15, '2023-07-01 00:00:00', '2023-07-31 00:00:00', 202307, 2023, 7, 14, 'Closed', '2023-07-14 03:31:27'),
(16, '2023-08-01 00:00:00', '2023-08-31 00:00:00', 202308, 2023, 8, 15, 'Closed', '2023-08-14 03:15:55'),
(17, '2023-09-01 00:00:00', '2023-09-30 00:00:00', 202309, 2023, 9, 16, 'Closed', '2023-10-01 08:53:28'),
(18, '2023-10-01 00:00:00', '2023-10-31 00:00:00', 202310, 2023, 10, 17, 'Closed', '2023-10-29 09:35:00'),
(19, '2023-12-01 00:00:00', '2023-12-31 00:00:00', 202312, 2023, 12, -2, 'Closed', '2023-12-24 10:15:02'),
(20, '2024-01-01 00:00:00', '2024-01-31 00:00:00', 202401, 2024, 1, 19, 'Closed', '2024-01-07 05:43:38'),
(21, '2024-02-01 00:00:00', '2024-02-29 00:00:00', 202402, 2024, 2, 20, 'Open', '2024-02-17 03:30:40');

-- 
-- Dumping data for table tbl_mark_for_cary_fwrd_ww
--
INSERT INTO tbl_mark_for_cary_fwrd_ww VALUES
(1, 12, 1, 'fwd', '2023-05-08 03:43:38'),
(2, 14, 1, 'fwd', '2023-07-14 03:26:34'),
(3, 14, 2, 'fwd', '2023-07-14 03:29:42');

-- 
-- Dumping data for table tbl_ledger_s_26
--
INSERT INTO tbl_ledger_s_26 VALUES
(1, '2022-04-03 00:00:00', x'436F6E747269627574696F6E7320666F7220746865206C6F63616C20636F6E677265676174696F6E', 2, 2.00, 1, 1, '2022-07-15 04:56:24', 1),
(2, '2022-04-10 00:00:00', x'436F6E747269627574696F6E7320666F7220746865206C6F63616C20636F6E677265676174696F6E', 2, 20.00, 1, 1, '2022-07-15 04:57:35', 1),
(3, '2022-04-17 00:00:00', x'436F6E747269627574696F6E7320666F7220746865206C6F63616C20636F6E677265676174696F6E', 2, 17.00, 1, 1, '2022-07-15 04:58:29', 1),
(4, '2022-04-17 00:00:00', x'436F6E747269627574696F6E7320666F722074686520776F726C647769646520776F726B', 1, 2.00, 1, 1, '2022-07-15 04:59:10', 1),
(5, '2022-04-28 00:00:00', x'4465706F73697420746F207072696D617279206163636F756E74', 9, 41.00, 1, 1, '2022-07-15 05:00:31', 1),
(6, '2022-04-28 00:00:00', x'4465706F73697420746F207072696D617279206163636F756E74', 8, 41.00, 1, 2, '2022-07-15 05:00:31', 1),
(7, '2022-04-30 00:00:00', x'546F204272616E6368204F6666696365202D2054542F32323132342F5A54563247', 10, 17.00, 1, 2, '2022-07-15 09:46:44', 1),
(8, '2022-05-03 00:00:00', x'436F6E747269627574696F6E7320666F7220746865206C6F63616C20636F6E677265676174696F6E', 2, 100.00, 3, 1, '2022-07-16 07:54:47', 2),
(9, '2022-05-03 00:00:00', x'4465706F73697420746F207072696D617279206163636F756E74', 9, 100.00, 3, 1, '2022-07-16 07:55:52', 2),
(10, '2022-05-03 00:00:00', x'4465706F73697420746F207072696D617279206163636F756E74', 8, 100.00, 3, 2, '2022-07-16 07:55:52', 2),
(11, '2022-05-03 00:00:00', x'436F6E747269627574696F6E7320666F7220746865206C6F63616C20636F6E677265676174696F6E', 2, 1.00, 1, 1, '2022-07-16 07:58:00', 2),
(12, '2022-05-13 00:00:00', x'436F6E747269627574696F6E7320666F722074686520776F726C647769646520776F726B', 1, 1.00, 1, 1, '2022-07-16 07:58:57', 2),
(13, '2022-05-13 00:00:00', x'436F6E747269627574696F6E7320666F7220746865206C6F63616C20636F6E677265676174696F6E', 2, 2.00, 1, 1, '2022-07-16 07:59:29', 2),
(14, '2022-05-29 00:00:00', x'436F6E747269627574696F6E7320666F722074686520776F726C647769646520776F726B', 1, 8.00, 1, 1, '2022-07-16 08:00:19', 2),
(15, '2022-05-29 00:00:00', x'436F6E747269627574696F6E7320666F7220746865206C6F63616C20636F6E677265676174696F6E', 2, 1.00, 1, 1, '2022-07-16 08:00:56', 2),
(16, '2022-05-30 00:00:00', x'436F6E747269627574696F6E7320666F7220746865206C6F63616C20636F6E677265676174696F6E', 2, 12.00, 1, 1, '2022-07-16 08:01:54', 2),
(17, '2022-05-30 00:00:00', x'436F6E747269627574696F6E7320666F722074686520776F726C647769646520776F726B', 1, 19.00, 1, 1, '2022-07-16 08:03:05', 2),
(19, '2022-05-31 00:00:00', x'436F6E747269627574696F6E7320666F7220746865206C6F63616C20636F6E677265676174696F6E', 2, 1.00, 1, 1, '2022-07-16 08:08:03', 2),
(22, '2022-05-31 00:00:00', x'4465706F73697420746F207072696D617279206163636F756E74', 9, 45.00, 1, 1, '2022-07-16 09:15:16', 2),
(23, '2022-05-31 00:00:00', x'4465706F73697420746F207072696D617279206163636F756E74', 8, 45.00, 1, 2, '2022-07-16 09:15:16', 2),
(28, '2022-05-29 00:00:00', x'436F6E747269627574696F6E7320666F7220746865206C6F63616C20636F6E677265676174696F6E', 2, 50.00, 2, 1, '2022-07-17 11:11:25', 2),
(29, '2022-05-29 00:00:00', x'4465706F73697420746F207072696D617279206163636F756E74', 9, 50.00, 2, 1, '2022-07-17 11:11:53', 2),
(30, '2022-05-29 00:00:00', x'4465706F73697420746F207072696D617279206163636F756E74', 8, 50.00, 2, 2, '2022-07-17 11:11:53', 2),
(31, '2022-05-31 00:00:00', x'546F204272616E6368204F6666696365202D2054542F32323132342F594C463958', 10, 43.00, 1, 2, '2022-07-17 11:38:08', 2),
(32, '2022-06-05 00:00:00', x'436F6E747269627574696F6E7320666F7220746865206C6F63616C20636F6E677265676174696F6E', 2, 11.00, 1, 1, '2022-07-17 11:49:36', 3),
(33, '2022-06-05 00:00:00', x'436F6E747269627574696F6E7320666F722074686520776F726C647769646520776F726B', 1, 2.00, 1, 1, '2022-07-17 11:50:03', 3),
(34, '2022-06-19 00:00:00', x'436F6E747269627574696F6E7320666F7220746865206C6F63616C20636F6E677265676174696F6E', 2, 13.00, 1, 1, '2022-07-17 11:50:25', 3),
(35, '2022-06-19 00:00:00', x'436F6E747269627574696F6E7320666F722074686520776F726C647769646520776F726B', 1, 21.00, 1, 1, '2022-07-17 11:50:51', 3),
(36, '2022-06-18 00:00:00', x'436F6E747269627574696F6E7320666F7220746865206C6F63616C20636F6E677265676174696F6E', 2, 30.00, 1, 1, '2022-07-17 11:51:23', 3),
(37, '2022-06-18 00:00:00', x'436F6E747269627574696F6E7320666F722074686520776F726C647769646520776F726B', 1, 1.00, 1, 1, '2022-07-17 11:52:04', 3),
(38, '2022-06-20 00:00:00', x'4465706F73697420746F207072696D617279206163636F756E74', 9, 78.00, 1, 1, '2022-07-17 11:53:32', 3),
(39, '2022-06-20 00:00:00', x'4465706F73697420746F207072696D617279206163636F756E74', 8, 78.00, 1, 2, '2022-07-17 11:53:32', 3),
(40, '2022-06-20 00:00:00', x'436F6E677265676174696F6E20657870656E646974757265205475636B736F6E204D61686F6E796520284D7574617269726920576564756E687529', 6, 45.00, 1, 2, '2022-07-17 12:04:55', 3),
(41, '2022-06-26 00:00:00', x'436F6E747269627574696F6E7320666F722074686520776F726C647769646520776F726B', 1, 1.00, 1, 1, '2022-07-17 12:05:47', 3),
(42, '2022-06-26 00:00:00', x'436F6E747269627574696F6E7320666F7220746865206C6F63616C20636F6E677265676174696F6E', 2, 2.00, 1, 1, '2022-07-17 12:06:08', 3),
(43, '2022-06-28 00:00:00', x'436F6E747269627574696F6E7320666F722074686520776F726C647769646520776F726B', 1, 11.00, 1, 1, '2022-07-17 12:06:36', 3),
(44, '2022-06-30 00:00:00', x'4368616E6765642043757272656E637920466F7220575720416D6F756E7420546F20312046726F6D205A574C2E', 11, 1.00, 1, 2, '2022-07-17 12:07:40', 3),
(45, '2022-06-30 00:00:00', x'4465706F73697420746F207072696D617279206163636F756E74', 9, 14.00, 1, 1, '2022-07-17 12:09:01', 3),
(46, '2022-06-30 00:00:00', x'4465706F73697420746F207072696D617279206163636F756E74', 8, 14.00, 1, 2, '2022-07-17 12:09:01', 3),
(47, '2022-06-05 00:00:00', x'436F6E747269627574696F6E7320666F7220746865206C6F63616C20636F6E677265676174696F6E', 2, 1100.00, 2, 1, '2022-07-17 12:13:42', 3),
(48, '2022-06-05 00:00:00', x'4465706F73697420746F207072696D617279206163636F756E74', 9, 1100.00, 2, 1, '2022-07-17 12:13:59', 3),
(49, '2022-06-05 00:00:00', x'4465706F73697420746F207072696D617279206163636F756E74', 8, 1100.00, 2, 2, '2022-07-17 12:13:59', 3),
(50, '2022-06-05 00:00:00', x'436F6E677265676174696F6E20657870656E646974757265207072696E74696E6720422E44617261', 6, 1100.00, 2, 2, '2022-07-17 12:15:04', 3),
(51, '2022-06-05 00:00:00', x'436F6E747269627574696F6E7320666F722074686520776F726C647769646520776F726B', 1, 250.00, 2, 1, '2022-07-17 12:16:25', 3),
(52, '2022-06-05 00:00:00', x'436F6E747269627574696F6E7320666F7220746865206C6F63616C20636F6E677265676174696F6E', 2, 20.00, 2, 1, '2022-07-17 12:16:48', 3),
(53, '2022-06-17 00:00:00', x'436F6E747269627574696F6E7320666F7220746865206C6F63616C20636F6E677265676174696F6E', 2, 2550.00, 2, 1, '2022-07-17 12:17:21', 3),
(54, '2022-06-17 00:00:00', x'4465706F73697420746F207072696D617279206163636F756E74', 9, 2820.00, 2, 1, '2022-07-17 12:18:11', 3),
(55, '2022-06-17 00:00:00', x'4465706F73697420746F207072696D617279206163636F756E74', 8, 2820.00, 2, 2, '2022-07-17 12:18:11', 3),
(56, '2022-06-17 00:00:00', x'436F6E677265676174696F6E20657870656E646974757265204361696E576179205072696E74204134', 6, 550.00, 2, 2, '2022-07-17 12:19:11', 3),
(57, '2022-06-18 00:00:00', x'436F6E747269627574696F6E7320666F7220746865206C6F63616C20636F6E677265676174696F6E', 2, 220.00, 2, 1, '2022-07-17 12:19:48', 3),
(58, '2022-06-18 00:00:00', x'436F6E747269627574696F6E7320666F722074686520776F726C647769646520776F726B', 1, 50.00, 2, 1, '2022-07-17 12:20:12', 3),
(59, '2022-06-19 00:00:00', x'436F6E747269627574696F6E7320666F722074686520776F726C647769646520776F726B', 1, 50.00, 2, 1, '2022-07-17 12:20:41', 3),
(60, '2022-06-19 00:00:00', x'436F6E747269627574696F6E7320666F7220746865206C6F63616C20636F6E677265676174696F6E', 2, 40.00, 2, 1, '2022-07-17 12:21:02', 3),
(61, '2022-06-19 00:00:00', x'4465706F73697420746F207072696D617279206163636F756E74', 9, 360.00, 2, 1, '2022-07-17 12:21:47', 3),
(62, '2022-06-19 00:00:00', x'4465706F73697420746F207072696D617279206163636F756E74', 8, 360.00, 2, 2, '2022-07-17 12:21:47', 3),
(63, '2022-06-20 00:00:00', x'436F6E677265676174696F6E20657870656E646974757265205475636B736F6E204D61686F6E796520284D7574617269726920576564756E687529', 6, 2000.00, 2, 2, '2022-07-17 12:22:44', 3),
(64, '2022-06-30 00:00:00', x'4368616E6765642043757272656E637920466F7220575720416D6F756E7420546F203120555344', 12, 350.00, 2, 2, '2022-07-17 12:23:35', 3),
(65, '2022-06-30 00:00:00', x'546F204272616E6368204F6666696365202D2054542F32323138312F3850374A39', 10, 52.00, 1, 2, '2022-07-26 01:39:28', 3),
(73, '2022-07-17 00:00:00', x'436F6E747269627574696F6E7320666F722074686520776F726C647769646520776F726B', 1, 20.00, 2, 1, '2022-07-26 03:22:59', 4),
(74, '2022-07-26 00:00:00', x'436F6E747269627574696F6E7320666F722074686520776F726C647769646520776F726B', 1, 190.00, 2, 1, '2022-07-26 03:29:36', 4),
(78, '2022-07-12 00:00:00', x'436F6E747269627574696F6E7320666F722074686520776F726C647769646520776F726B', 1, 4.00, 1, 1, '2022-07-28 12:58:09', 4),
(79, '2022-07-12 00:00:00', x'436F6E747269627574696F6E7320666F7220746865206C6F63616C20636F6E677265676174696F6E', 2, 22.00, 1, 1, '2022-07-28 12:58:24', 4),
(80, '2022-07-17 00:00:00', x'436F6E747269627574696F6E7320666F7220746865206C6F63616C20636F6E677265676174696F6E', 2, 11.00, 1, 1, '2022-07-28 12:58:51', 4),
(81, '2022-07-19 00:00:00', x'436F6E747269627574696F6E7320666F722074686520776F726C647769646520776F726B', 1, 31.00, 1, 1, '2022-07-28 12:59:20', 4),
(82, '2022-07-19 00:00:00', x'436F6E747269627574696F6E7320666F7220746865206C6F63616C20636F6E677265676174696F6E', 2, 20.00, 1, 1, '2022-07-28 12:59:40', 4),
(83, '2022-07-26 00:00:00', x'436F6E747269627574696F6E7320666F722074686520776F726C647769646520776F726B', 1, 2.00, 1, 1, '2022-07-28 01:04:07', 4),
(84, '2022-07-28 00:00:00', x'4368616E6765642043757272656E637920466F7220575720416D6F756E742046726F6D205A574C', 11, 2.00, 1, 2, '2022-07-28 01:06:22', 4),
(85, '2022-07-28 00:00:00', x'4465706F73697420746F207072696D617279206163636F756E74', 9, 210.00, 2, 1, '2022-07-28 01:08:47', 4),
(86, '2022-07-28 00:00:00', x'4465706F73697420746F207072696D617279206163636F756E74', 8, 210.00, 2, 2, '2022-07-28 01:08:47', 4),
(87, '2022-07-28 00:00:00', x'4368616E6765642043757272656E637920466F7220575720416D6F756E7420546F202E2E2E', 12, 210.00, 2, 2, '2022-07-28 01:12:46', 4),
(88, '2022-07-28 00:00:00', x'4465706F73697420746F207072696D617279206163636F756E74', 9, 90.00, 1, 1, '2022-07-28 01:16:42', 4),
(89, '2022-07-28 00:00:00', x'4465706F73697420746F207072696D617279206163636F756E74', 8, 90.00, 1, 2, '2022-07-28 01:16:42', 4),
(90, '2022-07-06 00:00:00', x'436F6E677265676174696F6E20657870656E646974757265204B484F43205061796D656E74', 6, 20.00, 1, 2, '2022-07-28 01:17:34', 4),
(91, '2022-07-28 00:00:00', x'546F204272616E6368204F6666696365202D2054542F32323230392F544E564650', 10, 54.00, 1, 2, '2022-08-02 01:21:59', 4),
(92, '2022-07-30 00:00:00', x'436F6E677265676174696F6E20657870656E646974757265204B484F43205061796D656E74', 6, 20.00, 1, 2, '2022-08-02 02:39:15', 4),
(93, '2022-08-04 00:00:00', x'436F6E747269627574696F6E7320666F722074686520776F726C647769646520776F726B', 1, 90.00, 2, 1, '2022-08-18 10:16:14', 5),
(94, '2022-08-04 00:00:00', x'436F6E747269627574696F6E7320666F7220746865206C6F63616C20636F6E677265676174696F6E', 2, 360.00, 2, 1, '2022-08-18 10:16:43', 5),
(95, '2022-08-18 00:00:00', x'4465706F73697420746F207072696D617279206163636F756E74', 9, 450.00, 2, 1, '2022-08-18 10:18:15', 5),
(96, '2022-08-18 00:00:00', x'4465706F73697420746F207072696D617279206163636F756E74', 8, 450.00, 2, 2, '2022-08-18 10:18:15', 5),
(97, '2022-08-04 00:00:00', x'436F6E747269627574696F6E7320666F722074686520776F726C647769646520776F726B', 1, 1.00, 1, 1, '2022-08-18 10:19:18', 5),
(98, '2022-08-04 00:00:00', x'436F6E747269627574696F6E7320666F7220746865206C6F63616C20636F6E677265676174696F6E', 2, 1.00, 1, 1, '2022-08-18 10:19:41', 5),
(99, '2022-08-04 00:00:00', x'436F6E747269627574696F6E7320666F7220746865206C6F63616C20636F6E677265676174696F6E', 2, 2.00, 1, 1, '2022-08-18 10:20:25', 5),
(100, '2022-08-07 00:00:00', x'436F6E747269627574696F6E7320666F7220746865206C6F63616C20636F6E677265676174696F6E', 2, 2.00, 1, 1, '2022-08-18 10:21:14', 5),
(101, '2022-08-09 00:00:00', x'436F6E747269627574696F6E7320666F7220746865206C6F63616C20636F6E677265676174696F6E', 2, 1.00, 1, 1, '2022-08-18 10:22:06', 5),
(102, '2022-08-09 00:00:00', x'436F6E747269627574696F6E7320666F722074686520776F726C647769646520776F726B', 1, 1.00, 1, 1, '2022-08-18 10:22:21', 5),
(103, '2022-08-14 00:00:00', x'436F6E747269627574696F6E7320666F722074686520776F726C647769646520776F726B', 1, 5.00, 1, 1, '2022-08-18 10:23:00', 5),
(104, '2022-08-14 00:00:00', x'436F6E747269627574696F6E7320666F7220746865206C6F63616C20636F6E677265676174696F6E', 2, 2.00, 1, 1, '2022-08-18 10:23:17', 5),
(105, '2022-08-16 00:00:00', x'436F6E747269627574696F6E7320666F722074686520776F726C647769646520776F726B', 1, 18.00, 1, 1, '2022-08-18 10:23:53', 5),
(106, '2022-08-16 00:00:00', x'436F6E747269627574696F6E7320666F7220746865206C6F63616C20636F6E677265676174696F6E', 2, 20.00, 1, 1, '2022-08-18 10:24:21', 5),
(107, '2022-08-18 00:00:00', x'4465706F73697420746F207072696D617279206163636F756E74', 9, 53.00, 1, 1, '2022-08-18 10:29:05', 5),
(108, '2022-08-18 00:00:00', x'4465706F73697420746F207072696D617279206163636F756E74', 8, 53.00, 1, 2, '2022-08-18 10:29:05', 5),
(109, '2022-08-21 00:00:00', x'436F6E747269627574696F6E7320666F7220746865206C6F63616C20636F6E677265676174696F6E', 2, 1.00, 1, 1, '2022-08-31 10:31:50', 5),
(110, '2022-08-23 00:00:00', x'436F6E747269627574696F6E7320666F7220746865206C6F63616C20636F6E677265676174696F6E', 2, 2.00, 1, 1, '2022-08-31 10:32:39', 5),
(111, '2022-08-28 00:00:00', x'436F6E747269627574696F6E7320666F722074686520776F726C647769646520776F726B', 1, 1.00, 1, 1, '2022-08-31 10:33:06', 5),
(112, '2022-08-30 00:00:00', x'436F6E747269627574696F6E7320666F7220746865206C6F63616C20636F6E677265676174696F6E', 2, 21.00, 1, 1, '2022-08-31 10:33:40', 5),
(113, '2022-08-30 00:00:00', x'436F6E747269627574696F6E7320666F722074686520776F726C647769646520776F726B', 1, 21.00, 1, 1, '2022-08-31 10:34:00', 5),
(114, '2022-08-30 00:00:00', x'4465706F73697420746F207072696D617279206163636F756E74', 9, 46.00, 1, 1, '2022-08-31 10:35:13', 5),
(115, '2022-08-30 00:00:00', x'4465706F73697420746F207072696D617279206163636F756E74', 8, 46.00, 1, 2, '2022-08-31 10:35:13', 5),
(116, '2022-08-30 00:00:00', x'436F6E677265676174696F6E20657870656E646974757265204B484F43205061796D656E74', 6, 20.00, 1, 2, '2022-08-31 10:36:05', 5),
(117, '2022-08-21 00:00:00', x'436F6E747269627574696F6E7320666F722074686520776F726C647769646520776F726B', 1, 300.00, 2, 1, '2022-08-31 10:41:47', 5),
(118, '2022-08-30 00:00:00', x'436F6E747269627574696F6E7320666F722074686520776F726C647769646520776F726B', 1, 50.00, 2, 1, '2022-08-31 10:42:05', 5),
(119, '2022-08-30 00:00:00', x'4465706F73697420746F207072696D617279206163636F756E74', 9, 350.00, 2, 1, '2022-08-31 10:42:55', 5),
(120, '2022-08-30 00:00:00', x'4465706F73697420746F207072696D617279206163636F756E74', 8, 350.00, 2, 2, '2022-08-31 10:42:55', 5),
(121, '2022-08-31 00:00:00', x'4368616E6765642043757272656E637920466F7220575720416D6F756E7420546F202E2E2E31555344', 12, 440.00, 2, 2, '2022-08-31 10:55:17', 5),
(122, '2022-08-31 00:00:00', x'4368616E6765642043757272656E637920466F7220575720416D6F756E7420546F202E2E2E31555344', 11, 1.00, 1, 2, '2022-08-31 10:56:09', 5),
(123, '2022-08-31 00:00:00', x'4368616E6765642043757272656E637920466F722020434320416D6F756E7420546F202E2E2E31555344', 14, 690.00, 2, 2, '2022-08-31 10:58:08', 5),
(124, '2022-08-31 00:00:00', x'4368616E6765642043757272656E637920466F722020434320416D6F756E7420546F202E2E2E31555344', 13, 1.00, 1, 2, '2022-08-31 10:59:24', 5),
(125, '2022-08-31 00:00:00', x'546F204272616E6368204F6666696365202D2054542F32323234332F5746303236', 10, 63.00, 1, 2, '2022-09-04 12:34:47', 5),
(126, '2022-09-04 00:00:00', x'436F6E677265676174696F6E20657870656E646974757265205669736974696E6720537065616B657220522E204D616661726F', 6, 5.00, 1, 2, '2022-09-06 08:29:12', 6),
(127, '2022-09-06 00:00:00', x'436F6E747269627574696F6E7320666F722074686520776F726C647769646520776F726B', 1, 24.00, 1, 1, '2022-10-09 07:50:51', 6),
(128, '2022-09-06 00:00:00', x'436F6E747269627574696F6E7320666F7220746865206C6F63616C20636F6E677265676174696F6E', 2, 1.00, 1, 1, '2022-10-09 07:55:33', 6),
(129, '2022-09-11 00:00:00', x'436F6E747269627574696F6E7320666F7220746865206C6F63616C20636F6E677265676174696F6E', 2, 1.00, 1, 1, '2022-10-09 07:56:52', 6),
(130, '2022-09-13 00:00:00', x'436F6E747269627574696F6E7320666F722074686520776F726C647769646520776F726B', 1, 10.00, 1, 1, '2022-10-09 07:58:37', 6),
(131, '2022-09-18 00:00:00', x'436F6E747269627574696F6E7320666F722074686520776F726C647769646520776F726B', 1, 21.00, 1, 1, '2022-10-09 08:02:49', 6),
(132, '2022-09-18 00:00:00', x'436F6E747269627574696F6E7320666F7220746865206C6F63616C20636F6E677265676174696F6E', 2, 11.00, 1, 1, '2022-10-09 08:03:27', 6),
(133, '2022-09-06 00:00:00', x'436F6E747269627574696F6E7320666F7220746865206C6F63616C20636F6E677265676174696F6E', 2, 1960.00, 2, 1, '2022-10-09 08:04:53', 6),
(134, '2022-09-06 00:00:00', x'4465706F73697420746F207072696D617279206163636F756E74', 9, 1960.00, 2, 1, '2022-10-09 08:05:29', 6),
(135, '2022-09-06 00:00:00', x'4465706F73697420746F207072696D617279206163636F756E74', 8, 1960.00, 2, 2, '2022-10-09 08:05:29', 6),
(136, '2022-09-06 00:00:00', x'436F6E677265676174696F6E20657870656E646974757265204361696E776179205072696E74204E6F2E32303232', 6, 1960.00, 2, 2, '2022-10-09 08:06:39', 6),
(137, '2022-09-18 00:00:00', x'436F6E747269627574696F6E7320666F7220746865206C6F63616C20636F6E677265676174696F6E', 2, 800.00, 2, 1, '2022-10-09 08:07:23', 6),
(138, '2022-09-18 00:00:00', x'4465706F73697420746F207072696D617279206163636F756E74', 9, 800.00, 2, 1, '2022-10-09 08:07:51', 6),
(139, '2022-09-18 00:00:00', x'4465706F73697420746F207072696D617279206163636F756E74', 8, 800.00, 2, 2, '2022-10-09 08:07:51', 6),
(140, '2022-09-18 00:00:00', x'4368616E6765642043757272656E637920466F722020434320416D6F756E7420546F202E2E2E20312046726F6D20383030207A776C', 14, 800.00, 2, 2, '2022-10-09 08:09:01', 6),
(141, '2022-09-18 00:00:00', x'4368616E6765642043757272656E637920466F722020434320416D6F756E7420546F202E2E2E20312046726F6D20383030207A776C', 13, 1.00, 1, 2, '2022-10-09 08:10:29', 6),
(142, '2022-09-20 00:00:00', x'436F6E747269627574696F6E7320666F722074686520776F726C647769646520776F726B', 1, 15.00, 1, 1, '2022-10-09 08:11:13', 6),
(143, '2022-09-25 00:00:00', x'436F6E747269627574696F6E7320666F722074686520776F726C647769646520776F726B', 1, 1.00, 1, 1, '2022-10-09 08:11:55', 6),
(144, '2022-09-27 00:00:00', x'436F6E747269627574696F6E7320666F722074686520776F726C647769646520776F726B', 1, 6.00, 1, 1, '2022-10-09 08:28:57', 6),
(145, '2022-09-27 00:00:00', x'436F6E747269627574696F6E7320666F7220746865206C6F63616C20636F6E677265676174696F6E', 2, 2.00, 1, 1, '2022-10-09 08:29:18', 6),
(146, '2022-09-30 00:00:00', x'4465706F73697420746F207072696D617279206163636F756E74', 9, 92.00, 1, 1, '2022-10-09 08:45:30', 6),
(147, '2022-09-30 00:00:00', x'4465706F73697420746F207072696D617279206163636F756E74', 8, 92.00, 1, 2, '2022-10-09 08:45:30', 6),
(149, '2022-09-30 00:00:00', x'546F204272616E6368204F6666696365202D2054542F32323238332F4447595151', 10, 77.00, 1, 2, '2022-10-14 12:27:11', 6),
(150, '2022-10-02 00:00:00', x'436F6E747269627574696F6E7320666F722074686520776F726C647769646520776F726B', 1, 10.00, 1, 1, '2022-11-03 05:34:21', 7),
(151, '2022-10-09 00:00:00', x'436F6E747269627574696F6E7320666F722074686520776F726C647769646520776F726B', 1, 10.00, 1, 1, '2022-11-03 05:35:06', 7),
(152, '2022-10-09 00:00:00', x'436F6E747269627574696F6E7320666F7220746865206C6F63616C20636F6E677265676174696F6E', 2, 12.00, 1, 1, '2022-11-03 05:35:47', 7),
(153, '2022-10-09 00:00:00', x'4465706F73697420746F207072696D617279206163636F756E74', 9, 32.00, 1, 1, '2022-11-03 05:37:09', 7),
(154, '2022-10-09 00:00:00', x'4465706F73697420746F207072696D617279206163636F756E74', 8, 32.00, 1, 2, '2022-11-03 05:37:09', 7),
(155, '2022-10-10 00:00:00', x'436F6E677265676174696F6E20657870656E64697475726520496D62612079612053656B7572752042656E65', 6, 61.00, 1, 2, '2022-11-03 05:38:31', 7),
(156, '2022-10-10 00:00:00', x'436F6E677265676174696F6E20657870656E64697475726520496D62612079612053656B7572752042656E65', 6, 100.00, 3, 2, '2022-11-03 05:40:10', 7),
(157, '2022-10-11 00:00:00', x'436F6E747269627574696F6E7320666F722074686520776F726C647769646520776F726B', 1, 2.00, 1, 1, '2022-11-03 05:41:05', 7),
(158, '2022-10-11 00:00:00', x'436F6E747269627574696F6E7320666F7220746865206C6F63616C20636F6E677265676174696F6E', 2, 44.00, 1, 1, '2022-11-03 05:41:45', 7),
(159, '2022-10-16 00:00:00', x'436F6E747269627574696F6E7320666F722074686520776F726C647769646520776F726B', 1, 5.00, 1, 1, '2022-11-03 05:42:44', 7),
(160, '2022-10-16 00:00:00', x'436F6E747269627574696F6E7320666F7220746865206C6F63616C20636F6E677265676174696F6E', 2, 1.00, 1, 1, '2022-11-03 05:43:11', 7),
(161, '2022-10-18 00:00:00', x'436F6E747269627574696F6E7320666F722074686520776F726C647769646520776F726B', 1, 1.00, 1, 1, '2022-11-03 05:43:37', 7),
(162, '2022-10-18 00:00:00', x'436F6E747269627574696F6E7320666F7220746865206C6F63616C20636F6E677265676174696F6E', 2, 2.00, 1, 1, '2022-11-03 05:44:25', 7),
(163, '2022-10-23 00:00:00', x'436F6E747269627574696F6E7320666F722074686520776F726C647769646520776F726B', 1, 1.00, 1, 1, '2022-11-03 05:44:54', 7),
(164, '2022-10-25 00:00:00', x'436F6E747269627574696F6E7320666F722074686520776F726C647769646520776F726B', 1, 1.00, 1, 1, '2022-11-03 05:45:21', 7),
(165, '2022-10-25 00:00:00', x'436F6E747269627574696F6E7320666F7220746865206C6F63616C20636F6E677265676174696F6E', 2, 4.00, 1, 1, '2022-11-03 05:45:40', 7),
(166, '2022-10-30 00:00:00', x'4465706F73697420746F207072696D617279206163636F756E74', 9, 61.00, 1, 1, '2022-11-03 05:47:59', 7),
(167, '2022-10-30 00:00:00', x'4465706F73697420746F207072696D617279206163636F756E74', 8, 61.00, 1, 2, '2022-11-03 05:47:59', 7),
(168, '2022-10-04 00:00:00', x'436F6E747269627574696F6E7320666F722074686520776F726C647769646520776F726B', 1, 180.00, 2, 1, '2022-11-03 05:56:00', 7),
(169, '2022-10-04 00:00:00', x'436F6E747269627574696F6E7320666F7220746865206C6F63616C20636F6E677265676174696F6E', 2, 240.00, 2, 1, '2022-11-03 05:56:35', 7),
(170, '2022-10-18 00:00:00', x'436F6E747269627574696F6E7320666F722074686520776F726C647769646520776F726B', 1, 100.00, 2, 1, '2022-11-03 06:00:18', 7),
(171, '2022-10-23 00:00:00', x'436F6E747269627574696F6E7320666F722074686520776F726C647769646520776F726B', 1, 40.00, 2, 1, '2022-11-03 06:00:44', 7),
(172, '2022-10-23 00:00:00', x'436F6E747269627574696F6E7320666F7220746865206C6F63616C20636F6E677265676174696F6E', 2, 40.00, 2, 1, '2022-11-03 06:01:12', 7),
(173, '2022-10-30 00:00:00', x'4465706F73697420746F207072696D617279206163636F756E74', 9, 600.00, 2, 1, '2022-11-03 06:03:24', 7),
(174, '2022-10-30 00:00:00', x'4465706F73697420746F207072696D617279206163636F756E74', 8, 600.00, 2, 2, '2022-11-03 06:03:24', 7),
(175, '2022-10-30 00:00:00', x'4368616E6765642043757272656E637920466F7220575720416D6F756E7420546F202E2E2E31555344', 12, 320.00, 2, 2, '2022-11-03 06:05:33', 7),
(178, '2022-10-30 00:00:00', x'4368616E6765642043757272656E637920466F7220575720416D6F756E7420546F202E2E2E3120555344', 11, 1.00, 1, 2, '2022-11-03 06:17:09', 7),
(179, '2022-10-31 00:00:00', x'546F204272616E6368204F6666696365202D2054542F32323331332F4E5046324E', 10, 41.00, 1, 2, '2022-11-30 07:42:41', 7),
(180, '2022-11-01 00:00:00', x'436F6E747269627574696F6E7320666F722074686520776F726C647769646520776F726B', 1, 2.00, 1, 1, '2022-11-30 09:18:39', 8),
(181, '2022-11-01 00:00:00', x'436F6E747269627574696F6E7320666F7220746865206C6F63616C20636F6E677265676174696F6E', 2, 29.00, 1, 1, '2022-11-30 09:18:59', 8),
(182, '2022-11-06 00:00:00', x'436F6E747269627574696F6E7320666F722074686520776F726C647769646520776F726B', 1, 8.00, 1, 1, '2022-11-30 09:19:40', 8),
(183, '2022-11-06 00:00:00', x'436F6E747269627574696F6E7320666F7220746865206C6F63616C20636F6E677265676174696F6E', 2, 3.00, 1, 1, '2022-11-30 09:21:07', 8),
(184, '2022-11-08 00:00:00', x'436F6E747269627574696F6E7320666F7220746865206C6F63616C20636F6E677265676174696F6E', 2, 10.00, 1, 1, '2022-11-30 09:21:55', 8),
(185, '2022-11-13 00:00:00', x'436F6E747269627574696F6E7320666F722074686520776F726C647769646520776F726B', 1, 6.00, 1, 1, '2022-11-30 09:22:39', 8),
(186, '2022-11-13 00:00:00', x'436F6E747269627574696F6E7320666F7220746865206C6F63616C20636F6E677265676174696F6E', 2, 1.00, 1, 1, '2022-11-30 09:23:12', 8),
(187, '2022-11-15 00:00:00', x'436F6E747269627574696F6E7320666F722074686520776F726C647769646520776F726B', 1, 11.00, 1, 1, '2022-11-30 09:23:45', 8),
(188, '2022-11-15 00:00:00', x'436F6E747269627574696F6E7320666F7220746865206C6F63616C20636F6E677265676174696F6E', 2, 10.00, 1, 1, '2022-11-30 09:24:09', 8),
(189, '2022-11-22 00:00:00', x'436F6E747269627574696F6E7320666F722074686520776F726C647769646520776F726B', 1, 1.00, 1, 1, '2022-11-30 09:24:40', 8),
(190, '2022-11-29 00:00:00', x'436F6E747269627574696F6E7320666F7220746865206C6F63616C20636F6E677265676174696F6E', 2, 20.00, 1, 1, '2022-11-30 09:25:03', 8),
(191, '2022-11-30 00:00:00', x'4465706F73697420746F207072696D617279206163636F756E74', 9, 101.00, 1, 1, '2022-11-30 09:26:52', 8),
(192, '2022-11-30 00:00:00', x'4465706F73697420746F207072696D617279206163636F756E74', 8, 101.00, 1, 2, '2022-11-30 09:26:52', 8),
(193, '2022-11-15 00:00:00', x'436F6E747269627574696F6E7320666F7220746865206C6F63616C20636F6E677265676174696F6E', 2, 10.00, 3, 1, '2022-11-30 09:29:58', 8),
(194, '2022-11-30 00:00:00', x'4465706F73697420746F207072696D617279206163636F756E74', 9, 10.00, 3, 1, '2022-11-30 09:31:04', 8),
(195, '2022-11-30 00:00:00', x'4465706F73697420746F207072696D617279206163636F756E74', 8, 10.00, 3, 2, '2022-11-30 09:31:04', 8),
(196, '2022-11-06 00:00:00', x'436F6E747269627574696F6E7320666F722074686520776F726C647769646520776F726B', 1, 250.00, 2, 1, '2022-11-30 09:32:36', 8),
(197, '2022-11-22 00:00:00', x'436F6E747269627574696F6E7320666F7220746865206C6F63616C20636F6E677265676174696F6E', 2, 700.00, 2, 1, '2022-11-30 09:33:14', 8),
(198, '2022-11-30 00:00:00', x'4465706F73697420746F207072696D617279206163636F756E74', 9, 950.00, 2, 1, '2022-11-30 09:34:34', 8),
(199, '2022-11-30 00:00:00', x'4465706F73697420746F207072696D617279206163636F756E74', 8, 950.00, 2, 2, '2022-11-30 09:34:34', 8),
(200, '2022-11-30 00:00:00', x'4368616E6765642043757272656E637920466F7220575720416D6F756E7420546F202E2E2E203120555344', 12, 250.00, 2, 2, '2022-11-30 09:40:32', 8),
(201, '2022-11-30 00:00:00', x'4368616E6765642043757272656E637920466F722020434320416D6F756E7420546F202E2E2E203120555344', 14, 980.00, 2, 2, '2022-11-30 09:41:14', 8),
(202, '2022-11-30 00:00:00', x'4368616E6765642043757272656E637920466F7220575720416D6F756E7420546F202E2E2E2031555344', 11, 1.00, 1, 2, '2022-11-30 09:42:52', 8),
(203, '2022-11-30 00:00:00', x'4368616E6765642043757272656E637920466F722020434320416D6F756E7420546F202E2E2E2031555344', 13, 1.00, 1, 2, '2022-11-30 09:43:28', 8),
(206, '2022-11-30 00:00:00', x'546F204272616E6368204F6666696365202D2054542F32323333362F463436434B', 10, 44.00, 1, 2, '2022-12-04 01:22:39', 8),
(207, '2022-12-04 00:00:00', x'436F6E747269627574696F6E7320666F7220746865206C6F63616C20636F6E677265676174696F6E', 2, 1.00, 1, 1, '2022-12-27 10:31:19', 9),
(208, '2022-12-09 00:00:00', x'436F6E747269627574696F6E7320666F722074686520776F726C647769646520776F726B', 1, 12.00, 1, 1, '2022-12-27 10:31:48', 9),
(209, '2022-12-09 00:00:00', x'436F6E747269627574696F6E7320666F7220746865206C6F63616C20636F6E677265676174696F6E', 2, 26.00, 1, 1, '2022-12-27 10:32:10', 9),
(210, '2022-12-13 00:00:00', x'436F6E747269627574696F6E7320666F7220746865206C6F63616C20636F6E677265676174696F6E', 2, 1.00, 1, 1, '2022-12-27 10:32:49', 9),
(211, '2022-12-18 00:00:00', x'436F6E747269627574696F6E7320666F722074686520776F726C647769646520776F726B', 1, 3.00, 1, 1, '2022-12-27 10:33:25', 9),
(214, '2022-12-18 00:00:00', x'436F6E747269627574696F6E7320666F7220746865206C6F63616C20636F6E677265676174696F6E', 2, 15.00, 1, 1, '2022-12-27 10:35:28', 9),
(215, '2022-12-20 00:00:00', x'436F6E747269627574696F6E7320666F722074686520776F726C647769646520776F726B', 1, 5.00, 1, 1, '2022-12-27 10:36:05', 9),
(216, '2022-12-20 00:00:00', x'436F6E747269627574696F6E7320666F7220746865206C6F63616C20636F6E677265676174696F6E', 2, 2.00, 1, 1, '2022-12-27 10:36:20', 9),
(217, '2022-12-25 00:00:00', x'436F6E747269627574696F6E7320666F722074686520776F726C647769646520776F726B', 1, 1.00, 1, 1, '2022-12-27 10:36:56', 9),
(218, '2022-12-25 00:00:00', x'436F6E747269627574696F6E7320666F7220746865206C6F63616C20636F6E677265676174696F6E', 2, 2.00, 1, 1, '2022-12-27 10:37:20', 9),
(219, '2022-12-25 00:00:00', x'436F6E747269627574696F6E7320666F722074686520776F726C647769646520776F726B', 1, 100.00, 2, 1, '2022-12-27 10:38:22', 9),
(220, '2022-12-25 00:00:00', x'436F6E747269627574696F6E7320666F7220746865206C6F63616C20636F6E677265676174696F6E', 2, 100.00, 2, 1, '2022-12-27 10:38:52', 9),
(221, '2022-12-26 00:00:00', x'4465706F73697420746F207072696D617279206163636F756E74', 9, 68.00, 1, 1, '2022-12-27 10:48:44', 9),
(222, '2022-12-26 00:00:00', x'4465706F73697420746F207072696D617279206163636F756E74', 8, 68.00, 1, 2, '2022-12-27 10:48:44', 9),
(223, '2022-12-26 00:00:00', x'4465706F73697420746F207072696D617279206163636F756E74', 9, 200.00, 2, 1, '2022-12-27 10:51:07', 9),
(224, '2022-12-26 00:00:00', x'4465706F73697420746F207072696D617279206163636F756E74', 8, 200.00, 2, 2, '2022-12-27 10:51:07', 9),
(225, '2022-12-27 00:00:00', x'436F6E677265676174696F6E20657870656E64697475726520506572204361706974612047756E67616E6F204C796E64616C65', 6, 85.00, 1, 2, '2022-12-27 01:22:12', 9),
(226, '2022-12-27 00:00:00', x'436F6E677265676174696F6E20657870656E646974757265204D7574617269726920566564756E6875204A6F7761', 6, 50.00, 1, 2, '2023-01-03 05:08:53', 9),
(227, '2022-12-27 00:00:00', x'436F6E747269627574696F6E7320666F722074686520776F726C647769646520776F726B', 1, 45.00, 1, 1, '2023-01-03 05:46:52', 9),
(228, '2022-12-27 00:00:00', x'436F6E747269627574696F6E7320666F7220746865206C6F63616C20636F6E677265676174696F6E', 2, 1.00, 1, 1, '2023-01-03 05:47:25', 9),
(229, '2022-12-28 00:00:00', x'4465706F73697420746F207072696D617279206163636F756E74', 9, 46.00, 1, 1, '2023-01-03 05:49:41', 9),
(230, '2022-12-28 00:00:00', x'4465706F73697420746F207072696D617279206163636F756E74', 8, 46.00, 1, 2, '2023-01-03 05:49:41', 9),
(231, '2022-12-27 00:00:00', x'4368616E6765642043757272656E637920466F7220575720416D6F756E7420546F202E2E2E3120617420383330', 12, 100.00, 2, 2, '2023-01-03 05:53:19', 9),
(232, '2022-12-27 00:00:00', x'4368616E6765642043757272656E637920466F7220575720416D6F756E7420546F202E2E2E312066726F6D203130307A776C20617420383330', 11, 1.00, 1, 2, '2023-01-03 05:55:25', 9),
(234, '2022-12-31 00:00:00', x'546F204272616E6368204F6666696365202D2054542F32333030342F35504A4642', 10, 67.00, 1, 2, '2023-02-07 12:02:21', 9),
(235, '2023-01-03 00:00:00', x'436F6E747269627574696F6E7320666F7220746865206C6F63616C20636F6E677265676174696F6E', 2, 8.00, 1, 1, '2023-02-07 01:39:38', 10),
(236, '2023-01-03 00:00:00', x'4135205265636569707420426F6F6B', 6, 8.00, 1, 2, '2023-02-07 01:40:17', 10),
(237, '2023-01-06 00:00:00', x'436F6E747269627574696F6E7320666F7220746865206C6F63616C20636F6E677265676174696F6E', 2, 85.00, 1, 1, '2023-02-07 01:45:50', 10),
(238, '2023-01-07 00:00:00', x'4465706F73697420746F207072696D617279206163636F756E74', 9, 93.00, 1, 1, '2023-02-07 01:47:53', 10),
(239, '2023-01-07 00:00:00', x'4465706F73697420746F207072696D617279206163636F756E74', 8, 93.00, 1, 2, '2023-02-07 01:47:53', 10),
(240, '2023-01-07 00:00:00', x'436F6E677265676174696F6E20657870656E6469747572652047756E67616E6F20706572204361706974612042616C616E6365', 6, 70.00, 1, 2, '2023-02-07 01:48:40', 10),
(241, '2023-01-07 00:00:00', x'436F6E677265676174696F6E20657870656E6469747572652052656E74204E796167616D6275', 6, 10.00, 1, 2, '2023-02-07 01:50:51', 10),
(242, '2023-01-17 00:00:00', x'436F6E747269627574696F6E7320666F722074686520776F726C647769646520776F726B', 1, 10.00, 1, 1, '2023-02-07 01:59:11', 10),
(243, '2023-01-17 00:00:00', x'436F6E747269627574696F6E7320666F7220746865206C6F63616C20636F6E677265676174696F6E', 2, 1.00, 1, 1, '2023-02-07 01:59:33', 10),
(244, '2023-01-22 00:00:00', x'436F6E747269627574696F6E7320666F722074686520776F726C647769646520776F726B', 1, 2.00, 1, 1, '2023-02-07 02:00:09', 10),
(245, '2023-01-22 00:00:00', x'436F6E747269627574696F6E7320666F7220746865206C6F63616C20636F6E677265676174696F6E', 2, 3.00, 1, 1, '2023-02-07 02:00:36', 10),
(246, '2023-01-27 00:00:00', x'436F6E747269627574696F6E7320666F7220746865206C6F63616C20636F6E677265676174696F6E', 2, 1.00, 1, 1, '2023-02-07 02:01:17', 10),
(247, '2023-01-29 00:00:00', x'436F6E747269627574696F6E7320666F722074686520776F726C647769646520776F726B', 1, 1.00, 1, 1, '2023-02-07 02:01:51', 10),
(248, '2023-01-31 00:00:00', x'436F6E747269627574696F6E7320666F7220746865206C6F63616C20636F6E677265676174696F6E', 2, 7.00, 1, 1, '2023-02-07 02:02:23', 10),
(249, '2023-01-31 00:00:00', x'4465706F73697420746F207072696D617279206163636F756E74', 9, 25.00, 1, 1, '2023-02-07 02:03:42', 10),
(250, '2023-01-31 00:00:00', x'4465706F73697420746F207072696D617279206163636F756E74', 8, 25.00, 1, 2, '2023-02-07 02:03:42', 10),
(251, '2023-01-31 00:00:00', x'436F6E677265676174696F6E20657870656E646974757265204E796167616D62752072656E7420666F7220466562', 6, 10.00, 1, 2, '2023-02-07 02:05:57', 10),
(254, '2023-01-31 00:00:00', x'546F204272616E6368204F6666696365202D2054542F32333034302F3843513437', 10, 13.00, 1, 2, '2023-02-21 02:15:27', 10),
(255, '2023-02-07 00:00:00', x'436F6E747269627574696F6E7320666F722074686520776F726C647769646520776F726B', 1, 14.00, 1, 1, '2023-02-21 02:23:51', 11),
(256, '2023-02-07 00:00:00', x'436F6E747269627574696F6E7320666F7220746865206C6F63616C20636F6E677265676174696F6E', 2, 19.00, 1, 1, '2023-02-21 02:24:22', 11),
(257, '2023-02-07 00:00:00', x'436F6E747269627574696F6E7320666F722074686520776F726C647769646520776F726B', 1, 450.00, 2, 1, '2023-02-21 02:26:57', 11),
(258, '2023-02-07 00:00:00', x'436F6E747269627574696F6E7320666F7220746865206C6F63616C20636F6E677265676174696F6E', 2, 550.00, 2, 1, '2023-02-21 02:27:28', 11),
(259, '2023-02-12 00:00:00', x'436F6E747269627574696F6E7320666F722074686520776F726C647769646520776F726B', 1, 25.00, 1, 1, '2023-02-21 02:28:05', 11),
(261, '2023-02-12 00:00:00', x'436F6E747269627574696F6E7320666F7220746865206C6F63616C20636F6E677265676174696F6E', 2, 61.00, 1, 1, '2023-02-21 02:30:10', 11),
(262, '2023-02-12 00:00:00', x'4465706F73697420746F207072696D617279206163636F756E74', 9, 119.00, 1, 1, '2023-02-21 02:34:58', 11),
(263, '2023-02-12 00:00:00', x'4465706F73697420746F207072696D617279206163636F756E74', 8, 119.00, 1, 2, '2023-02-21 02:34:58', 11),
(264, '2023-02-12 00:00:00', x'436F6E677265676174696F6E20657870656E646974757265204B484F43', 6, 21.00, 1, 2, '2023-02-21 02:35:51', 11),
(265, '2023-02-14 00:00:00', x'436F6E747269627574696F6E7320666F7220746865206C6F63616C20636F6E677265676174696F6E', 2, 5.00, 1, 1, '2023-02-21 02:36:50', 11),
(266, '2023-02-18 00:00:00', x'436F6E677265676174696F6E20657870656E6469747572652E2042616C616E63652053656B7572752042656E6520487365', 6, 70.00, 1, 2, '2023-02-21 02:39:04', 11),
(270, '2023-02-19 00:00:00', x'436F6E747269627574696F6E7320666F7220746865206C6F63616C20636F6E677265676174696F6E', 2, 2.00, 1, 1, '2023-02-21 02:58:58', 11),
(271, '2023-02-20 00:00:00', x'4465706F73697420746F207072696D617279206163636F756E74', 9, 7.00, 1, 1, '2023-02-21 02:59:37', 11),
(272, '2023-02-20 00:00:00', x'4465706F73697420746F207072696D617279206163636F756E74', 8, 7.00, 1, 2, '2023-02-21 02:59:37', 11),
(273, '2023-02-20 00:00:00', x'4465706F73697420746F207072696D617279206163636F756E74', 9, 1000.00, 2, 1, '2023-02-21 03:03:04', 11),
(274, '2023-02-20 00:00:00', x'4465706F73697420746F207072696D617279206163636F756E74', 8, 1000.00, 2, 2, '2023-02-21 03:03:04', 11),
(275, '2023-02-21 00:00:00', x'436F6E677265676174696F6E20657870656E646974757265204B484F43', 6, 16.00, 1, 2, '2023-03-21 12:39:55', 11),
(276, '2023-02-21 00:00:00', x'436F6E747269627574696F6E7320666F7220746865206C6F63616C20636F6E677265676174696F6E', 2, 5.00, 1, 1, '2023-03-21 12:40:33', 11),
(277, '2023-02-21 00:00:00', x'436F6E747269627574696F6E7320666F7220746865206C6F63616C20636F6E677265676174696F6E', 2, 200.00, 2, 1, '2023-03-21 12:41:32', 11),
(278, '2023-02-26 00:00:00', x'436F6E747269627574696F6E7320666F7220746865206C6F63616C20636F6E677265676174696F6E', 2, 3.00, 1, 1, '2023-03-21 12:44:49', 11),
(279, '2023-02-26 00:00:00', x'436F6E747269627574696F6E7320666F7220746865206C6F63616C20636F6E677265676174696F6E', 2, 100.00, 2, 1, '2023-03-21 12:45:49', 11),
(280, '2023-02-28 00:00:00', x'436F6E747269627574696F6E7320666F7220746865206C6F63616C20636F6E677265676174696F6E', 2, 11.00, 1, 1, '2023-03-21 12:55:09', 11),
(281, '2023-02-28 00:00:00', x'4465706F73697420746F207072696D617279206163636F756E74', 9, 19.00, 1, 1, '2023-03-21 12:57:01', 11),
(282, '2023-02-28 00:00:00', x'4465706F73697420746F207072696D617279206163636F756E74', 8, 19.00, 1, 2, '2023-03-21 12:57:01', 11),
(283, '2023-02-28 00:00:00', x'4465706F73697420746F207072696D617279206163636F756E74', 9, 300.00, 2, 1, '2023-03-21 12:57:52', 11),
(284, '2023-02-28 00:00:00', x'4465706F73697420746F207072696D617279206163636F756E74', 8, 300.00, 2, 2, '2023-03-21 12:57:52', 11),
(285, '2023-02-28 00:00:00', x'436F6E677265676174696F6E20657870656E646974757265204E796167616D62752072656E7420666F72204D61726368', 6, 10.00, 1, 2, '2023-03-21 01:15:22', 11),
(286, '2023-02-28 00:00:00', x'4368616E6765642043757272656E637920466F7220575720416D6F756E7420546F202E2E2E', 12, 450.00, 2, 2, '2023-03-21 01:30:10', 11),
(287, '2023-02-28 00:00:00', x'4368616E6765642043757272656E637920466F7220575720416D6F756E7420546F202E2E2E', 11, 1.00, 1, 2, '2023-03-21 01:30:54', 11),
(288, '2023-02-28 00:00:00', x'546F204272616E6368204F6666696365202D205F5F', 10, 40.00, 1, 2, '2023-03-21 01:34:13', 11),
(289, '2023-03-04 00:00:00', x'436F6E747269627574696F6E7320666F7220746865206C6F63616C20636F6E677265676174696F6E', 2, 20.00, 1, 1, '2023-03-21 02:21:03', 12),
(290, '2023-03-07 00:00:00', x'436F6E747269627574696F6E7320666F722074686520776F726C647769646520776F726B', 1, 1.00, 1, 1, '2023-03-21 02:21:33', 12),
(291, '2023-03-07 00:00:00', x'436F6E747269627574696F6E7320666F7220746865206C6F63616C20636F6E677265676174696F6E', 2, 31.00, 1, 1, '2023-03-21 02:22:02', 12),
(294, '2023-03-07 00:00:00', x'4465706F73697420746F207072696D617279206163636F756E74', 9, 52.00, 1, 1, '2023-03-21 02:29:08', 12),
(295, '2023-03-07 00:00:00', x'4465706F73697420746F207072696D617279206163636F756E74', 8, 52.00, 1, 2, '2023-03-21 02:29:08', 12),
(296, '2023-03-08 00:00:00', x'436F6E677265676174696F6E20657870656E64697475726520496E7669746174696F6E205072696E74696E67204D656D6F7269616C', 6, 15.00, 1, 2, '2023-03-21 02:30:47', 12),
(297, '2023-03-12 00:00:00', x'436F6E747269627574696F6E7320666F7220746865206C6F63616C20636F6E677265676174696F6E', 2, 20.00, 1, 1, '2023-03-21 02:32:29', 12),
(298, '2023-03-14 00:00:00', x'436F6E747269627574696F6E7320666F7220746865206C6F63616C20636F6E677265676174696F6E', 2, 20.00, 1, 1, '2023-03-21 02:32:46', 12),
(299, '2023-03-19 00:00:00', x'436F6E747269627574696F6E7320666F7220746865206C6F63616C20636F6E677265676174696F6E', 2, 3.00, 1, 1, '2023-03-21 02:35:07', 12),
(300, '2023-03-20 00:00:00', x'4465706F73697420746F207072696D617279206163636F756E74', 9, 43.00, 1, 1, '2023-03-21 02:40:03', 12),
(301, '2023-03-20 00:00:00', x'4465706F73697420746F207072696D617279206163636F756E74', 8, 43.00, 1, 2, '2023-03-21 02:40:03', 12),
(302, '2023-03-21 00:00:00', x'436F6E747269627574696F6E7320666F7220746865206C6F63616C20636F6E677265676174696F6E', 2, 10.00, 1, 1, '2023-03-30 01:35:23', 12),
(303, '2023-03-30 00:00:00', x'4465706F73697420746F207072696D617279206163636F756E74', 9, 10.00, 1, 1, '2023-03-30 01:38:08', 12),
(304, '2023-03-30 00:00:00', x'4465706F73697420746F207072696D617279206163636F756E74', 8, 10.00, 1, 2, '2023-03-30 01:38:08', 12),
(335, '2023-04-01 00:00:00', x'436F6E747269627574696F6E7320666F7220746865206C6F63616C20636F6E677265676174696F6E', 2, 10.00, 1, 1, '2023-05-11 04:03:40', 13),
(336, '2023-04-01 00:00:00', x'4465706F73697420746F207072696D617279206163636F756E74', 9, 10.00, 1, 1, '2023-05-11 04:04:25', 13),
(337, '2023-04-01 00:00:00', x'4465706F73697420746F207072696D617279206163636F756E74', 8, 10.00, 1, 2, '2023-05-11 04:04:25', 13),
(338, '2023-04-01 00:00:00', x'4368616E6765642043757272656E637920466F722020434320416D6F756E7420546F202E2E2E310D0A5553442046726F6D2031302072616E6473', 13, 1.00, 1, 2, '2023-05-11 04:05:51', 13),
(339, '2023-04-01 00:00:00', x'436F6E677265676174696F6E20657870656E6469747572652E20506572204361706974610D0A47756E67616E6F', 6, 98.00, 1, 2, '2023-05-11 04:06:51', 13),
(340, '2023-04-11 00:00:00', x'436F6E747269627574696F6E7320666F722074686520776F726C647769646520776F726B', 1, 1.00, 1, 1, '2023-05-11 04:07:50', 13),
(341, '2023-04-11 00:00:00', x'436F6E747269627574696F6E7320666F7220746865206C6F63616C20636F6E677265676174696F6E', 2, 9.00, 1, 1, '2023-05-11 04:08:14', 13),
(342, '2023-04-18 00:00:00', x'436F6E747269627574696F6E7320666F7220746865206C6F63616C20636F6E677265676174696F6E', 2, 1.00, 1, 1, '2023-05-11 04:08:33', 13),
(343, '2023-04-23 00:00:00', x'436F6E747269627574696F6E7320666F722074686520776F726C647769646520776F726B', 1, 10.00, 1, 1, '2023-05-11 04:08:59', 13),
(344, '2023-04-26 00:00:00', x'436F6E747269627574696F6E7320666F722074686520776F726C647769646520776F726B', 1, 1.00, 1, 1, '2023-05-11 04:09:28', 13),
(345, '2023-04-26 00:00:00', x'436F6E747269627574696F6E7320666F7220746865206C6F63616C20636F6E677265676174696F6E', 2, 5.00, 1, 1, '2023-05-11 04:10:13', 13),
(347, '2023-04-30 00:00:00', x'436F6E747269627574696F6E7320666F7220746865206C6F63616C20636F6E677265676174696F6E', 2, 48.00, 1, 1, '2023-05-11 04:12:16', 13),
(348, '2023-04-30 00:00:00', x'4465706F73697420746F207072696D617279206163636F756E74', 9, 75.00, 1, 1, '2023-05-11 04:12:58', 13),
(349, '2023-04-30 00:00:00', x'4465706F73697420746F207072696D617279206163636F756E74', 8, 75.00, 1, 2, '2023-05-11 04:12:58', 13),
(350, '2023-04-30 00:00:00', x'436F6E677265676174696F6E20657870656E6469747572652E204B484F4320436F756E63696C0D0A4D757465726F2057656B757368616E6469736120496D6261205965756D616D626F', 6, 60.00, 1, 2, '2023-05-11 04:14:12', 13),
(351, '2023-04-30 00:00:00', x'546F204272616E6368204F6666696365202D2054542F32333132382F3238465637', 10, 13.00, 1, 2, '2023-05-11 04:15:14', 13),
(352, '2023-04-01 00:00:00', x'436F6E677265676174696F6E20657870656E6469747572652E20506572204361706974612047756E67616E6F', 6, 10.00, 3, 2, '2023-05-11 05:45:06', 13),
(356, '2023-04-01 00:00:00', x'566F696420436F6E677265676174696F6E20657870656E6469747572652E2052657475726E65642046726F6D2047756E67616E6F2E204E6F742075736564', 6, -10.00, 3, 2, '2023-05-11 06:28:48', 13),
(357, '2023-04-01 00:00:00', x'4368616E6765642043757272656E637920466F722020434320416D6F756E7420546F202E2E2E2031205553442046726F6D2031302052616E6473', 14, 10.00, 3, 2, '2023-05-11 06:30:04', 13),
(373, '2023-06-04 00:00:00', x'436F6E747269627574696F6E7320666F722074686520776F726C647769646520776F726B', 1, 1.00, 1, 1, '2023-07-14 12:43:32', 14),
(374, '2023-06-04 00:00:00', x'436F6E747269627574696F6E7320666F7220746865206C6F63616C20636F6E677265676174696F6E', 2, 14.00, 1, 1, '2023-07-14 12:44:48', 14),
(375, '2023-06-04 00:00:00', x'436F6E747269627574696F6E7320666F722074686520776F726C647769646520776F726B', 1, 820.00, 2, 1, '2023-07-14 12:46:36', 14),
(376, '2023-06-06 00:00:00', x'436F6E747269627574696F6E7320666F722074686520776F726C647769646520776F726B', 1, 3.00, 1, 1, '2023-07-14 12:47:27', 14),
(377, '2023-06-06 00:00:00', x'436F6E747269627574696F6E7320666F7220746865206C6F63616C20636F6E677265676174696F6E', 2, 3.00, 1, 1, '2023-07-14 12:47:43', 14),
(378, '2023-06-11 00:00:00', x'436F6E747269627574696F6E7320666F722074686520776F726C647769646520776F726B', 1, 1.00, 1, 1, '2023-07-14 01:43:44', 14),
(380, '2023-06-11 00:00:00', x'436F6E747269627574696F6E7320666F7220746865206C6F63616C20636F6E677265676174696F6E', 2, 2.00, 1, 1, '2023-07-14 01:45:19', 14),
(382, '2023-06-12 00:00:00', x'4465706F73697420746F207072696D617279206163636F756E74', 9, 24.00, 1, 1, '2023-07-14 01:58:57', 14),
(383, '2023-06-12 00:00:00', x'4465706F73697420746F207072696D617279206163636F756E74', 8, 24.00, 1, 2, '2023-07-14 01:58:57', 14),
(384, '2023-06-13 00:00:00', x'436F6E747269627574696F6E7320666F722074686520776F726C647769646520776F726B', 1, 2.00, 1, 1, '2023-07-14 01:59:49', 14),
(385, '2023-06-18 00:00:00', x'436F6E747269627574696F6E7320666F722074686520776F726C647769646520776F726B', 1, 2.00, 1, 1, '2023-07-14 02:00:23', 14),
(386, '2023-06-18 00:00:00', x'436F6E747269627574696F6E7320666F7220746865206C6F63616C20636F6E677265676174696F6E', 2, 10.00, 1, 1, '2023-07-14 02:00:51', 14),
(388, '2023-06-20 00:00:00', x'436F6E747269627574696F6E7320666F722074686520776F726C647769646520776F726B', 1, 2.00, 1, 1, '2023-07-14 02:02:17', 14),
(389, '2023-06-20 00:00:00', x'436F6E747269627574696F6E7320666F7220746865206C6F63616C20636F6E677265676174696F6E', 2, 5.00, 1, 1, '2023-07-14 02:02:38', 14),
(390, '2023-06-25 00:00:00', x'436F6E747269627574696F6E7320666F722074686520776F726C647769646520776F726B', 1, 1.00, 1, 1, '2023-07-14 02:05:48', 14),
(391, '2023-06-25 00:00:00', x'436F6E747269627574696F6E7320666F7220746865206C6F63616C20636F6E677265676174696F6E', 2, 10.00, 1, 1, '2023-07-14 02:06:15', 14),
(392, '2023-06-12 00:00:00', x'4465706F73697420746F207072696D617279206163636F756E74', 9, 820.00, 2, 1, '2023-07-14 02:10:56', 14),
(393, '2023-06-12 00:00:00', x'4465706F73697420746F207072696D617279206163636F756E74', 8, 820.00, 2, 2, '2023-07-14 02:10:56', 14),
(395, '2023-06-20 00:00:00', x'436F6E747269627574696F6E7320666F7220746865206C6F63616C20636F6E677265676174696F6E', 2, 450.00, 2, 1, '2023-07-14 02:12:42', 14),
(396, '2023-06-30 00:00:00', x'4465706F73697420746F207072696D617279206163636F756E74', 9, 450.00, 2, 1, '2023-07-14 02:14:02', 14),
(397, '2023-06-30 00:00:00', x'4465706F73697420746F207072696D617279206163636F756E74', 8, 450.00, 2, 2, '2023-07-14 02:14:02', 14),
(398, '2023-06-30 00:00:00', x'4465706F73697420746F207072696D617279206163636F756E74', 9, 32.00, 1, 1, '2023-07-14 02:15:27', 14),
(399, '2023-06-30 00:00:00', x'4465706F73697420746F207072696D617279206163636F756E74', 8, 32.00, 1, 2, '2023-07-14 02:15:27', 14),
(400, '2023-07-02 00:00:00', x'436F6E747269627574696F6E7320666F722074686520776F726C647769646520776F726B', 1, 1.00, 1, 1, '2023-07-14 03:33:43', 15),
(401, '2023-07-02 00:00:00', x'436F6E747269627574696F6E7320666F7220746865206C6F63616C20636F6E677265676174696F6E', 2, 25.00, 1, 1, '2023-07-14 03:34:03', 15),
(403, '2023-07-02 00:00:00', x'436F6E747269627574696F6E7320666F7220746865206C6F63616C20636F6E677265676174696F6E', 2, 1550.00, 2, 1, '2023-07-14 03:34:55', 15),
(404, '2023-07-04 00:00:00', x'436F6E747269627574696F6E7320666F722074686520776F726C647769646520776F726B', 1, 100.00, 2, 1, '2023-07-14 03:35:38', 15),
(405, '2023-07-04 00:00:00', x'436F6E747269627574696F6E7320666F7220746865206C6F63616C20636F6E677265676174696F6E', 2, 3.00, 1, 1, '2023-07-14 03:36:10', 15),
(406, '2023-07-09 00:00:00', x'436F6E747269627574696F6E7320666F722074686520776F726C647769646520776F726B', 1, 4.00, 1, 1, '2023-07-14 03:37:02', 15),
(407, '2023-07-09 00:00:00', x'436F6E747269627574696F6E7320666F7220746865206C6F63616C20636F6E677265676174696F6E', 2, 7.00, 1, 1, '2023-07-14 03:37:23', 15),
(408, '2023-07-09 00:00:00', x'436F6E747269627574696F6E7320666F7220746865206C6F63616C20636F6E677265676174696F6E', 2, 2100.00, 2, 1, '2023-07-14 03:37:44', 15),
(410, '2023-07-11 00:00:00', x'436F6E747269627574696F6E7320666F7220746865206C6F63616C20636F6E677265676174696F6E', 2, 8.00, 1, 1, '2023-07-14 04:31:38', 15),
(411, '2023-07-16 00:00:00', x'4465706F73697420746F207072696D617279206163636F756E74', 9, 48.00, 1, 1, '2023-07-22 06:42:45', 15),
(412, '2023-07-16 00:00:00', x'4465706F73697420746F207072696D617279206163636F756E74', 8, 48.00, 1, 2, '2023-07-22 06:42:45', 15),
(413, '2023-07-16 00:00:00', x'4465706F73697420746F207072696D617279206163636F756E74', 9, 3750.00, 2, 1, '2023-07-22 06:43:59', 15),
(414, '2023-07-16 00:00:00', x'4465706F73697420746F207072696D617279206163636F756E74', 8, 3750.00, 2, 2, '2023-07-22 06:43:59', 15),
(415, '2023-07-16 00:00:00', x'436F6E747269627574696F6E7320666F722074686520776F726C647769646520776F726B', 1, 2.00, 1, 1, '2023-07-22 06:45:24', 15),
(416, '2023-07-16 00:00:00', x'436F6E747269627574696F6E7320666F7220746865206C6F63616C20636F6E677265676174696F6E', 2, 20.00, 1, 1, '2023-07-22 06:46:00', 15),
(417, '2023-07-16 00:00:00', x'436F6E747269627574696F6E7320666F722074686520776F726C647769646520776F726B', 1, 200.00, 2, 1, '2023-07-22 06:46:40', 15),
(418, '2023-07-16 00:00:00', x'436F6E747269627574696F6E7320666F7220746865206C6F63616C20636F6E677265676174696F6E', 2, 550.00, 2, 1, '2023-07-22 06:47:06', 15),
(419, '2023-07-16 00:00:00', x'436F6E677265676174696F6E20657870656E6469747572652E204E6479696B6F204D7574617269726920766544756E6875', 6, 50.00, 1, 2, '2023-07-22 06:49:23', 15),
(420, '2023-07-18 00:00:00', x'436F6E747269627574696F6E7320666F7220746865206C6F63616C20636F6E677265676174696F6E', 2, 660.00, 2, 1, '2023-07-22 06:51:07', 15),
(425, '2023-07-23 00:00:00', x'4465706F73697420746F207072696D617279206163636F756E74', 9, 1410.00, 2, 1, '2023-07-24 01:11:27', 15),
(426, '2023-07-23 00:00:00', x'4465706F73697420746F207072696D617279206163636F756E74', 8, 1410.00, 2, 2, '2023-07-24 01:11:27', 15),
(427, '2023-07-23 00:00:00', x'436F6E677265676174696F6E20657870656E6469747572652E204E6479696B6F204D7574617269726920766544756E6875', 6, 56.00, 1, 2, '2023-07-24 01:37:14', 15),
(428, '2023-07-23 00:00:00', x'436F6E747269627574696F6E7320666F722074686520776F726C647769646520776F726B', 1, 21.00, 1, 1, '2023-07-24 01:37:34', 15),
(429, '2023-07-23 00:00:00', x'4465706F73697420746F207072696D617279206163636F756E74', 9, 43.00, 1, 1, '2023-07-24 01:38:11', 15),
(430, '2023-07-23 00:00:00', x'4465706F73697420746F207072696D617279206163636F756E74', 8, 43.00, 1, 2, '2023-07-24 01:38:11', 15),
(431, '2023-07-25 00:00:00', x'436F6E747269627574696F6E7320666F7220746865206C6F63616C20636F6E677265676174696F6E', 2, 1.00, 1, 1, '2023-08-07 12:34:21', 15),
(432, '2023-07-30 00:00:00', x'436F6E747269627574696F6E7320666F722074686520776F726C647769646520776F726B', 1, 24.00, 1, 1, '2023-08-07 12:35:30', 15),
(433, '2023-07-30 00:00:00', x'436F6E747269627574696F6E7320666F7220746865206C6F63616C20636F6E677265676174696F6E', 2, 64.00, 1, 1, '2023-08-07 12:35:51', 15),
(434, '2023-07-30 00:00:00', x'4465706F73697420746F207072696D617279206163636F756E74', 9, 89.00, 1, 1, '2023-08-07 12:40:54', 15),
(435, '2023-07-30 00:00:00', x'4465706F73697420746F207072696D617279206163636F756E74', 8, 89.00, 1, 2, '2023-08-07 12:40:54', 15),
(436, '2023-07-30 00:00:00', x'4368616E6765642043757272656E637920466F7220575720416D6F756E7420546F202E2E2E3120555344', 12, 1120.00, 2, 2, '2023-08-07 01:19:12', 15),
(437, '2023-07-30 00:00:00', x'4368616E6765642043757272656E637920466F722020434320416D6F756E7420546F202E2E2E32555344', 14, 7010.00, 2, 2, '2023-08-07 01:19:42', 15),
(438, '2023-07-30 00:00:00', x'4368616E6765642043757272656E637920466F7220575720416D6F756E7420546F202E2E2E312066726F6D2031313230207A776C', 11, 1.00, 1, 2, '2023-08-07 01:21:02', 15),
(439, '2023-07-30 00:00:00', x'4368616E6765642043757272656E637920466F722020434320416D6F756E7420546F202E2E2E20322066726F6D2037303130207A776C', 13, 2.00, 1, 2, '2023-08-07 01:22:10', 15),
(441, '2023-07-31 00:00:00', x'546F204272616E6368204F6666696365202D205F5F', 10, 80.00, 1, 2, '2023-08-07 01:49:23', 15),
(442, '2023-08-03 00:00:00', x'436F6E747269627574696F6E7320666F7220746865206C6F63616C20636F6E677265676174696F6E', 2, 5.00, 1, 1, '2023-08-14 04:29:37', 16),
(443, '2023-08-06 00:00:00', x'436F6E747269627574696F6E7320666F722074686520776F726C647769646520776F726B', 1, 1.00, 1, 1, '2023-08-14 04:30:56', 16),
(444, '2023-08-06 00:00:00', x'436F6E747269627574696F6E7320666F7220746865206C6F63616C20636F6E677265676174696F6E', 2, 6.00, 1, 1, '2023-08-14 04:31:15', 16),
(445, '2023-08-06 00:00:00', x'436F6E747269627574696F6E7320666F722074686520776F726C647769646520776F726B', 1, 800.00, 2, 1, '2023-08-14 04:31:48', 16),
(446, '2023-08-06 00:00:00', x'436F6E747269627574696F6E7320666F7220746865206C6F63616C20636F6E677265676174696F6E', 2, 500.00, 2, 1, '2023-08-14 11:29:35', 16),
(447, '2023-08-08 00:00:00', x'436F6E747269627574696F6E7320666F722074686520776F726C647769646520776F726B', 1, 7.00, 1, 1, '2023-08-14 11:30:23', 16),
(448, '2023-08-08 00:00:00', x'436F6E747269627574696F6E7320666F7220746865206C6F63616C20636F6E677265676174696F6E', 2, 5.00, 1, 1, '2023-08-14 11:30:51', 16),
(449, '2023-08-13 00:00:00', x'436F6E747269627574696F6E7320666F722074686520776F726C647769646520776F726B', 1, 2.00, 1, 1, '2023-08-14 11:31:25', 16),
(450, '2023-08-13 00:00:00', x'436F6E747269627574696F6E7320666F7220746865206C6F63616C20636F6E677265676174696F6E', 2, 7.00, 1, 1, '2023-08-14 11:31:59', 16),
(451, '2023-08-13 00:00:00', x'436F6E747269627574696F6E7320666F7220746865206C6F63616C20636F6E677265676174696F6E', 2, 1000.00, 2, 1, '2023-08-14 11:32:34', 16),
(452, '2023-08-15 00:00:00', x'436F6E747269627574696F6E7320666F7220746865206C6F63616C20636F6E677265676174696F6E', 2, 13.00, 1, 1, '2023-08-15 08:48:16', 16),
(453, '2023-08-15 00:00:00', x'436F6E747269627574696F6E7320666F722074686520776F726C647769646520776F726B', 1, 2700.00, 2, 1, '2023-08-15 08:48:49', 16),
(454, '2023-08-15 00:00:00', x'436F6E747269627574696F6E7320666F7220746865206C6F63616C20636F6E677265676174696F6E', 2, 2600.00, 2, 1, '2023-08-15 08:49:11', 16),
(455, '2023-08-15 00:00:00', x'4465706F73697420746F207072696D617279206163636F756E74', 9, 7600.00, 2, 1, '2023-08-15 08:49:42', 16),
(456, '2023-08-15 00:00:00', x'4465706F73697420746F207072696D617279206163636F756E74', 8, 7600.00, 2, 2, '2023-08-15 08:49:42', 16),
(457, '2023-08-15 00:00:00', x'4465706F73697420746F207072696D617279206163636F756E74', 9, 46.00, 1, 1, '2023-08-15 08:50:49', 16),
(458, '2023-08-15 00:00:00', x'4465706F73697420746F207072696D617279206163636F756E74', 8, 46.00, 1, 2, '2023-08-15 08:50:49', 16),
(459, '2023-08-20 00:00:00', x'436F6E747269627574696F6E7320666F722074686520776F726C647769646520776F726B', 1, 4.00, 1, 1, '2023-09-02 07:30:55', 16),
(460, '2023-08-20 00:00:00', x'436F6E747269627574696F6E7320666F7220746865206C6F63616C20636F6E677265676174696F6E', 2, 4.00, 1, 1, '2023-09-02 07:31:20', 16),
(461, '2023-08-29 00:00:00', x'436F6E747269627574696F6E7320666F722074686520776F726C647769646520776F726B', 1, 6.00, 1, 1, '2023-09-12 08:36:41', 16),
(462, '2023-08-29 00:00:00', x'436F6E747269627574696F6E7320666F7220746865206C6F63616C20636F6E677265676174696F6E', 2, 82.00, 1, 1, '2023-09-12 08:37:06', 16),
(463, '2023-08-29 00:00:00', x'436F6E747269627574696F6E7320666F722074686520776F726C647769646520776F726B', 1, 1700.00, 2, 1, '2023-09-12 08:37:37', 16),
(464, '2023-08-29 00:00:00', x'436F6E747269627574696F6E7320666F7220746865206C6F63616C20636F6E677265676174696F6E', 2, 1000.00, 2, 1, '2023-09-12 08:37:58', 16),
(465, '2023-08-31 00:00:00', x'4465706F73697420746F207072696D617279206163636F756E74', 9, 2700.00, 2, 1, '2023-09-12 09:02:53', 16),
(466, '2023-08-31 00:00:00', x'4465706F73697420746F207072696D617279206163636F756E74', 8, 2700.00, 2, 2, '2023-09-12 09:02:53', 16),
(467, '2023-08-31 00:00:00', x'4465706F73697420746F207072696D617279206163636F756E74', 9, 96.00, 1, 1, '2023-09-12 09:04:11', 16),
(468, '2023-08-31 00:00:00', x'4465706F73697420746F207072696D617279206163636F756E74', 8, 96.00, 1, 2, '2023-09-12 09:04:11', 16),
(469, '2023-08-31 00:00:00', x'4368616E6765642043757272656E637920466F7220575720416D6F756E7420546F202E2E2E3220555344', 12, 5200.00, 2, 2, '2023-09-12 09:05:54', 16),
(470, '2023-08-31 00:00:00', x'4368616E6765642043757272656E637920466F7220575720416D6F756E742046726F6D2035323030205A574C', 11, 2.00, 1, 2, '2023-09-12 09:06:47', 16),
(471, '2023-08-31 00:00:00', x'546F204272616E6368204F6666696365202D205F5F', 10, 37.00, 1, 2, '2023-09-12 09:09:22', 16),
(472, '2023-09-02 00:00:00', x'436F6E677265676174696F6E20657870656E6469747572652E204E6479696B6F20796547756E67616E6F', 6, 150.00, 1, 2, '2023-10-01 08:52:20', 17),
(475, '2023-09-03 00:00:00', x'436F6E747269627574696F6E7320666F722074686520776F726C647769646520776F726B', 1, 13.00, 1, 1, '2023-10-01 08:54:29', 17),
(476, '2023-09-03 00:00:00', x'436F6E747269627574696F6E7320666F7220746865206C6F63616C20636F6E677265676174696F6E', 2, 31.00, 1, 1, '2023-10-01 08:54:52', 17),
(478, '2023-09-17 00:00:00', x'436F6E747269627574696F6E7320666F7220746865206C6F63616C20636F6E677265676174696F6E', 2, 1650.00, 2, 1, '2023-10-01 08:56:52', 17),
(479, '2023-09-17 00:00:00', x'436F6E747269627574696F6E7320666F7220746865206C6F63616C20636F6E677265676174696F6E', 2, 1.00, 1, 1, '2023-10-01 08:57:22', 17),
(480, '2023-09-19 00:00:00', x'436F6E747269627574696F6E7320666F7220746865206C6F63616C20636F6E677265676174696F6E', 2, 1.00, 1, 1, '2023-10-01 08:58:10', 17),
(481, '2023-09-24 00:00:00', x'436F6E747269627574696F6E7320666F722074686520776F726C647769646520776F726B', 1, 2100.00, 2, 1, '2023-10-01 08:59:04', 17),
(482, '2023-09-24 00:00:00', x'436F6E747269627574696F6E7320666F7220746865206C6F63616C20636F6E677265676174696F6E', 2, 400.00, 2, 1, '2023-10-01 08:59:27', 17),
(483, '2023-09-26 00:00:00', x'436F6E747269627574696F6E7320666F7220746865206C6F63616C20636F6E677265676174696F6E', 2, 100.00, 2, 1, '2023-10-01 09:00:19', 17),
(484, '2023-09-26 00:00:00', x'436F6E747269627574696F6E7320666F722074686520776F726C647769646520776F726B', 1, 10.00, 1, 1, '2023-10-01 09:00:48', 17),
(485, '2023-09-26 00:00:00', x'436F6E747269627574696F6E7320666F7220746865206C6F63616C20636F6E677265676174696F6E', 2, 40.00, 1, 1, '2023-10-01 09:01:13', 17),
(486, '2023-09-26 00:00:00', x'4465706F73697420746F207072696D617279206163636F756E74', 9, 96.00, 1, 1, '2023-10-01 09:02:08', 17),
(487, '2023-09-26 00:00:00', x'4465706F73697420746F207072696D617279206163636F756E74', 8, 96.00, 1, 2, '2023-10-01 09:02:08', 17),
(488, '2023-09-26 00:00:00', x'4465706F73697420746F207072696D617279206163636F756E74', 9, 4250.00, 2, 1, '2023-10-01 09:03:07', 17),
(489, '2023-09-26 00:00:00', x'4465706F73697420746F207072696D617279206163636F756E74', 8, 4250.00, 2, 2, '2023-10-01 09:03:07', 17),
(490, '2023-09-30 00:00:00', x'4368616E6765642043757272656E637920466F7220575720416D6F756E7420546F203120555344', 12, 2100.00, 2, 2, '2023-10-02 09:38:11', 17),
(491, '2023-09-30 00:00:00', x'4368616E6765642043757272656E637920466F7220575720416D6F756E7420546F2046726F6D20323130307A776C', 11, 1.00, 1, 2, '2023-10-02 09:38:45', 17),
(492, '2023-09-30 00:00:00', x'546F204272616E6368204F6666696365202D205F5F', 10, 42.00, 1, 2, '2023-10-02 09:39:57', 17),
(493, '2023-10-01 00:00:00', x'436F6E747269627574696F6E7320666F7220746865206C6F63616C20636F6E677265676174696F6E', 2, 20.00, 1, 1, '2023-10-29 09:35:35', 18),
(494, '2023-10-03 00:00:00', x'436F6E747269627574696F6E7320666F722074686520776F726C647769646520776F726B', 1, 1.00, 1, 1, '2023-10-29 09:36:29', 18),
(495, '2023-10-03 00:00:00', x'436F6E747269627574696F6E7320666F7220746865206C6F63616C20636F6E677265676174696F6E', 2, 11.00, 1, 1, '2023-10-29 09:36:51', 18),
(497, '2023-10-03 00:00:00', x'4465706F73697420746F207072696D617279206163636F756E74', 9, 32.00, 1, 1, '2023-10-29 09:39:00', 18),
(498, '2023-10-03 00:00:00', x'4465706F73697420746F207072696D617279206163636F756E74', 8, 32.00, 1, 2, '2023-10-29 09:39:00', 18),
(499, '2023-10-03 00:00:00', x'436F6E677265676174696F6E20657870656E6469747572652E204E6479696B6F2079656D74617269726920766564756E68752070696F6E656572696E67', 6, 80.00, 1, 2, '2023-10-29 09:40:17', 18),
(500, '2023-10-08 00:00:00', x'436F6E747269627574696F6E7320666F7220746865206C6F63616C20636F6E677265676174696F6E', 2, 3.00, 1, 1, '2023-10-29 09:40:57', 18),
(501, '2023-10-10 00:00:00', x'436F6E747269627574696F6E7320666F722074686520776F726C647769646520776F726B', 1, 3.00, 1, 1, '2023-10-29 09:41:37', 18),
(502, '2023-10-10 00:00:00', x'436F6E747269627574696F6E7320666F7220746865206C6F63616C20636F6E677265676174696F6E', 2, 1.00, 1, 1, '2023-10-29 09:41:58', 18),
(503, '2023-10-15 00:00:00', x'436F6E747269627574696F6E7320666F722074686520776F726C647769646520776F726B', 1, 2.00, 1, 1, '2023-10-29 09:42:32', 18),
(504, '2023-10-15 00:00:00', x'436F6E747269627574696F6E7320666F7220746865206C6F63616C20636F6E677265676174696F6E', 2, 2.00, 1, 1, '2023-10-29 09:42:51', 18),
(505, '2023-10-18 00:00:00', x'436F6E747269627574696F6E7320666F722074686520776F726C647769646520776F726B', 1, 1.00, 1, 1, '2023-10-29 09:43:24', 18),
(506, '2023-10-22 00:00:00', x'436F6E747269627574696F6E7320666F722074686520776F726C647769646520776F726B', 1, 1.00, 1, 1, '2023-10-29 09:44:09', 18),
(507, '2023-10-22 00:00:00', x'436F6E747269627574696F6E7320666F7220746865206C6F63616C20636F6E677265676174696F6E', 2, 1.00, 1, 1, '2023-10-29 09:44:30', 18),
(508, '2023-10-24 00:00:00', x'436F6E747269627574696F6E7320666F722074686520776F726C647769646520776F726B', 1, 28.00, 1, 1, '2023-10-29 09:45:00', 18),
(509, '2023-10-24 00:00:00', x'436F6E747269627574696F6E7320666F7220746865206C6F63616C20636F6E677265676174696F6E', 2, 15.00, 1, 1, '2023-10-29 09:45:21', 18),
(510, '2023-10-29 00:00:00', x'436F6E747269627574696F6E7320666F722074686520776F726C647769646520776F726B', 1, 2.00, 1, 1, '2023-10-31 06:14:43', 18),
(511, '2023-10-29 00:00:00', x'436F6E747269627574696F6E7320666F7220746865206C6F63616C20636F6E677265676174696F6E', 2, 11.00, 1, 1, '2023-10-31 06:15:04', 18),
(512, '2023-10-29 00:00:00', x'4465706F73697420746F207072696D617279206163636F756E74', 9, 70.00, 1, 1, '2023-10-31 06:16:06', 18),
(513, '2023-10-29 00:00:00', x'4465706F73697420746F207072696D617279206163636F756E74', 8, 70.00, 1, 2, '2023-10-31 06:16:06', 18),
(514, '2023-12-05 00:00:00', x'436F6E747269627574696F6E7320666F722074686520776F726C647769646520776F726B', 1, 23.00, 1, 1, '2023-12-24 01:50:23', 19),
(515, '2023-12-10 00:00:00', x'4465706F73697420746F207072696D617279206163636F756E74', 9, 23.00, 1, 1, '2023-12-24 01:52:23', 19),
(516, '2023-12-10 00:00:00', x'4465706F73697420746F207072696D617279206163636F756E74', 8, 23.00, 1, 2, '2023-12-24 01:52:23', 19),
(517, '2023-12-10 00:00:00', x'436F6E747269627574696F6E7320666F7220746865206C6F63616C20636F6E677265676174696F6E', 2, 17.00, 1, 1, '2023-12-24 01:56:47', 19),
(518, '2023-12-12 00:00:00', x'436F6E747269627574696F6E7320666F7220746865206C6F63616C20636F6E677265676174696F6E', 2, 1.00, 1, 1, '2023-12-24 02:00:06', 19),
(520, '2023-12-19 00:00:00', x'436F6E747269627574696F6E7320666F722074686520776F726C647769646520776F726B', 1, 1.00, 1, 1, '2023-12-24 02:01:21', 19),
(521, '2023-12-19 00:00:00', x'436F6E747269627574696F6E7320666F7220746865206C6F63616C20636F6E677265676174696F6E', 2, 20.00, 1, 1, '2023-12-24 02:01:40', 19),
(522, '2023-12-24 00:00:00', x'436F6E747269627574696F6E7320666F722074686520776F726C647769646520776F726B', 1, 2.00, 1, 1, '2023-12-24 02:02:19', 19),
(523, '2023-12-24 00:00:00', x'436F6E747269627574696F6E7320666F7220746865206C6F63616C20636F6E677265676174696F6E', 2, 5.00, 1, 1, '2023-12-24 02:02:36', 19),
(524, '2023-12-17 00:00:00', x'436F6E747269627574696F6E7320666F722074686520776F726C647769646520776F726B', 1, 5.00, 1, 1, '2023-12-24 02:05:27', 19),
(525, '2023-12-24 00:00:00', x'4465706F73697420746F207072696D617279206163636F756E74', 9, 51.00, 1, 1, '2023-12-24 02:07:27', 19),
(526, '2023-12-24 00:00:00', x'4465706F73697420746F207072696D617279206163636F756E74', 8, 51.00, 1, 2, '2023-12-24 02:07:27', 19),
(527, '2023-12-26 00:00:00', x'436F6E747269627574696F6E7320666F722074686520776F726C647769646520776F726B', 1, 3.00, 1, 1, '2023-12-31 07:44:29', 19),
(528, '2023-12-26 00:00:00', x'436F6E747269627574696F6E7320666F7220746865206C6F63616C20636F6E677265676174696F6E', 2, 10.00, 1, 1, '2023-12-31 07:44:57', 19),
(529, '2023-12-26 00:00:00', x'436F6E747269627574696F6E7320666F7220746865206C6F63616C20636F6E677265676174696F6E', 2, 500.00, 2, 1, '2023-12-31 07:45:37', 19),
(530, '2023-12-26 00:00:00', x'436F6E677265676174696F6E20657870656E6469747572652E204E6479696B6F2079656D615069796F6E61', 6, 40.00, 1, 2, '2023-12-31 07:46:48', 19),
(531, '2023-12-31 00:00:00', x'436F6E747269627574696F6E7320666F722074686520776F726C647769646520776F726B', 1, 1.00, 1, 1, '2024-01-04 03:45:00', 19),
(534, '2023-12-31 00:00:00', x'4465706F73697420746F207072696D617279206163636F756E74', 9, 14.00, 1, 1, '2024-01-04 03:50:40', 19),
(535, '2023-12-31 00:00:00', x'4465706F73697420746F207072696D617279206163636F756E74', 8, 14.00, 1, 2, '2024-01-04 03:50:40', 19),
(536, '2023-12-31 00:00:00', x'4465706F73697420746F207072696D617279206163636F756E74', 9, 500.00, 2, 1, '2024-01-04 03:51:49', 19),
(537, '2023-12-31 00:00:00', x'4465706F73697420746F207072696D617279206163636F756E74', 8, 500.00, 2, 2, '2024-01-04 03:51:50', 19),
(538, '2023-12-31 00:00:00', x'436F6E677265676174696F6E20657870656E6469747572652E205669736974696E6720537065616B6572', 6, 10.00, 1, 2, '2024-01-04 03:52:35', 19),
(539, '2023-12-31 00:00:00', x'436F6E747269627574696F6E7320666F7220746865206C6F63616C20636F6E677265676174696F6E', 2, 8928.21, 2, 1, '2024-01-04 03:54:06', 19),
(540, '2023-12-31 00:00:00', x'4465706F73697420746F207072696D617279206163636F756E74', 9, 8928.21, 2, 1, '2024-01-04 03:54:57', 19),
(541, '2023-12-31 00:00:00', x'4465706F73697420746F207072696D617279206163636F756E74', 8, 8928.21, 2, 2, '2024-01-04 03:54:57', 19),
(542, '2023-12-31 00:00:00', x'436F6E677265676174696F6E20657870656E6469747572652E20536F75707320466F722050696F6E656572696E6720466F6F642050726570', 6, 9728.21, 2, 2, '2024-01-04 03:56:38', 19),
(543, '2023-12-31 00:00:00', x'4368616E6765642043757272656E637920466F7220575720416D6F756E7420546F202E2E2E203120555344204020313A2035363030', 12, 800.00, 2, 2, '2024-01-04 04:03:59', 19),
(545, '2023-12-31 00:00:00', x'4368616E6765642043757272656E637920466F722020434320416D6F756E7420546F202E2E2E2032204020313A35363030', 14, 9050.00, 2, 2, '2024-01-04 04:06:41', 19),
(546, '2023-12-31 00:00:00', x'4368616E6765642043757272656E637920466F7220575720416D6F756E7420546F202E2E2E31204020313A35363030', 11, 1.00, 1, 2, '2024-01-04 04:07:41', 19),
(547, '2023-12-31 00:00:00', x'4368616E6765642043757272656E637920466F722020434320416D6F756E7420546F202E2E2E32204020313A35363030', 13, 2.00, 1, 2, '2024-01-04 04:08:33', 19),
(549, '2023-12-31 00:00:00', x'436F6E747269627574696F6E7320666F7220746865206C6F63616C20636F6E677265676174696F6E', 2, 13.00, 1, 1, '2024-01-07 05:31:34', 19),
(550, '2023-12-31 00:00:00', x'4465706F73697420746F207072696D617279206163636F756E74', 9, 13.00, 1, 1, '2024-01-07 05:32:41', 19),
(551, '2023-12-31 00:00:00', x'4465706F73697420746F207072696D617279206163636F756E74', 8, 13.00, 1, 2, '2024-01-07 05:32:41', 19),
(552, '2023-12-31 00:00:00', x'546F204272616E6368204F6666696365202D205F5F', 10, 54.00, 1, 2, '2024-01-07 05:33:26', 19),
(553, '2024-01-02 00:00:00', x'436F6E747269627574696F6E7320666F722074686520776F726C647769646520776F726B', 1, 1.00, 1, 1, '2024-01-07 05:44:52', 20),
(554, '2024-01-07 00:00:00', x'436F6E747269627574696F6E7320666F7220746865206C6F63616C20636F6E677265676174696F6E', 2, 25.00, 1, 1, '2024-01-07 05:45:32', 20),
(555, '2024-01-09 00:00:00', x'436F6E747269627574696F6E7320666F7220746865206C6F63616C20636F6E677265676174696F6E', 2, 10.00, 1, 1, '2024-02-03 07:38:43', 20),
(558, '2024-01-09 00:00:00', x'4465706F73697420746F207072696D617279206163636F756E74', 9, 36.00, 1, 1, '2024-02-03 07:41:33', 20),
(559, '2024-01-09 00:00:00', x'4465706F73697420746F207072696D617279206163636F756E74', 8, 36.00, 1, 2, '2024-02-03 07:41:33', 20),
(560, '2024-01-09 00:00:00', x'436F6E677265676174696F6E20657870656E6469747572652E204E6479696B6F2079656B7574736967697261206D686F6E646F726F', 6, 25.00, 1, 2, '2024-02-03 07:42:22', 20),
(561, '2024-01-16 00:00:00', x'436F6E747269627574696F6E7320666F722074686520776F726C647769646520776F726B', 1, 4.00, 1, 1, '2024-02-03 07:43:17', 20),
(562, '2024-01-16 00:00:00', x'436F6E747269627574696F6E7320666F7220746865206C6F63616C20636F6E677265676174696F6E', 2, 5.00, 1, 1, '2024-02-03 07:43:35', 20),
(563, '2024-01-21 00:00:00', x'436F6E747269627574696F6E7320666F7220746865206C6F63616C20636F6E677265676174696F6E', 2, 1.00, 1, 1, '2024-02-03 07:44:17', 20),
(564, '2024-01-21 00:00:00', x'4465706F73697420746F207072696D617279206163636F756E74', 9, 10.00, 1, 1, '2024-02-03 07:45:00', 20),
(565, '2024-01-21 00:00:00', x'4465706F73697420746F207072696D617279206163636F756E74', 8, 10.00, 1, 2, '2024-02-03 07:45:00', 20),
(566, '2024-01-23 00:00:00', x'436F6E747269627574696F6E7320666F7220746865206C6F63616C20636F6E677265676174696F6E', 2, 51.00, 1, 1, '2024-02-03 07:45:37', 20),
(567, '2024-01-28 00:00:00', x'436F6E747269627574696F6E7320666F722074686520776F726C647769646520776F726B', 1, 6.00, 1, 1, '2024-02-03 07:46:18', 20),
(568, '2024-01-28 00:00:00', x'436F6E747269627574696F6E7320666F7220746865206C6F63616C20636F6E677265676174696F6E', 2, 40.00, 1, 1, '2024-02-03 07:46:52', 20),
(569, '2024-01-28 00:00:00', x'436F6E747269627574696F6E7320666F7220746865206C6F63616C20636F6E677265676174696F6E', 2, 2000.00, 2, 1, '2024-02-03 07:47:35', 20),
(570, '2024-01-28 00:00:00', x'4465706F73697420746F207072696D617279206163636F756E74', 9, 2000.00, 2, 1, '2024-02-03 07:48:06', 20),
(571, '2024-01-28 00:00:00', x'4465706F73697420746F207072696D617279206163636F756E74', 8, 2000.00, 2, 2, '2024-02-03 07:48:06', 20),
(572, '2024-01-28 00:00:00', x'4465706F73697420746F207072696D617279206163636F756E74', 9, 97.00, 1, 1, '2024-02-03 07:48:27', 20),
(573, '2024-01-28 00:00:00', x'4465706F73697420746F207072696D617279206163636F756E74', 8, 97.00, 1, 2, '2024-02-03 07:48:27', 20),
(574, '2024-01-30 00:00:00', x'436F6E747269627574696F6E7320666F7220746865206C6F63616C20636F6E677265676174696F6E', 2, 25.00, 1, 1, '2024-02-03 07:53:28', 20),
(575, '2024-01-31 00:00:00', x'4465706F73697420746F207072696D617279206163636F756E74', 9, 25.00, 1, 1, '2024-02-03 07:55:44', 20),
(576, '2024-01-31 00:00:00', x'4465706F73697420746F207072696D617279206163636F756E74', 8, 25.00, 1, 2, '2024-02-03 07:55:44', 20),
(577, '2024-01-31 00:00:00', x'546F204272616E6368204F6666696365202D205F5F', 10, 29.00, 1, 2, '2024-02-03 07:56:44', 20),
(578, '2024-02-04 00:00:00', x'436F6E747269627574696F6E7320666F722074686520776F726C647769646520776F726B', 1, 61.00, 1, 1, '2024-02-17 04:36:04', 21),
(579, '2024-02-04 00:00:00', x'436F6E747269627574696F6E7320666F7220746865206C6F63616C20636F6E677265676174696F6E', 2, 41.00, 1, 1, '2024-02-17 04:36:23', 21),
(580, '2024-02-04 00:00:00', x'436F6E747269627574696F6E7320666F7220746865206C6F63616C20636F6E677265676174696F6E', 2, 800.00, 2, 1, '2024-02-17 04:39:27', 21),
(581, '2024-02-04 00:00:00', x'4465706F73697420746F207072696D617279206163636F756E74', 9, 102.00, 1, 1, '2024-02-17 04:40:12', 21),
(582, '2024-02-04 00:00:00', x'4465706F73697420746F207072696D617279206163636F756E74', 8, 102.00, 1, 2, '2024-02-17 04:40:12', 21),
(583, '2024-02-04 00:00:00', x'4465706F73697420746F207072696D617279206163636F756E74', 9, 800.00, 2, 1, '2024-02-17 04:41:00', 21),
(584, '2024-02-04 00:00:00', x'4465706F73697420746F207072696D617279206163636F756E74', 8, 800.00, 2, 2, '2024-02-17 04:41:00', 21),
(585, '2024-02-04 00:00:00', x'436F6E677265676174696F6E20657870656E6469747572652E204E6479696B6F2059654D7574617269726920566564756E6875204F6B6179204A6F7761', 6, 100.00, 1, 2, '2024-02-17 04:42:21', 21),
(586, '2024-02-05 00:00:00', x'436F6E747269627574696F6E7320666F7220746865206C6F63616C20636F6E677265676174696F6E', 2, 1.00, 1, 1, '2024-02-17 04:44:18', 21),
(587, '2024-02-11 00:00:00', x'436F6E747269627574696F6E7320666F722074686520776F726C647769646520776F726B', 1, 1.00, 1, 1, '2024-02-17 04:44:47', 21),
(588, '2024-02-11 00:00:00', x'436F6E747269627574696F6E7320666F7220746865206C6F63616C20636F6E677265676174696F6E', 2, 11.00, 1, 1, '2024-02-17 04:45:04', 21),
(589, '2024-02-11 00:00:00', x'436F6E747269627574696F6E7320666F7220746865206C6F63616C20636F6E677265676174696F6E', 2, 400.00, 2, 1, '2024-02-17 04:45:42', 21),
(590, '2024-02-13 00:00:00', x'436F6E747269627574696F6E7320666F722074686520776F726C647769646520776F726B', 1, 2.00, 1, 1, '2024-02-17 04:46:19', 21),
(591, '2024-02-13 00:00:00', x'436F6E747269627574696F6E7320666F7220746865206C6F63616C20636F6E677265676174696F6E', 2, 19.00, 1, 1, '2024-02-17 04:46:41', 21),
(592, '2024-02-13 00:00:00', x'436F6E747269627574696F6E7320666F722074686520776F726C647769646520776F726B', 1, 1000.00, 2, 1, '2024-02-17 04:47:41', 21),
(593, '2024-02-13 00:00:00', x'436F6E747269627574696F6E7320666F7220746865206C6F63616C20636F6E677265676174696F6E', 2, 400.00, 2, 1, '2024-02-17 04:47:55', 21);

-- 
-- Dumping data for table tbl_congregation_detail
--
INSERT INTO tbl_congregation_detail VALUES
(1, 'Lyndale', 'Harare', 'Harare');

-- 
-- Dumping data for table tbl_closing_details
--
INSERT INTO tbl_closing_details VALUES
(1, 1, 1, 24.00, 0.00, 0.00, 0.0000, '2022-07-16 07:46:31'),
(2, 2, 3, 100.00, 0.00, 0.00, 0.0000, '2022-07-17 11:46:02'),
(3, 2, 1, 26.00, 0.00, 0.00, 0.0000, '2022-07-17 11:46:21'),
(4, 2, 2, 50.00, 0.00, 0.00, 0.0000, '2022-07-17 11:46:36'),
(5, 3, 1, 22.00, 0.00, 0.00, 0.0000, '2022-07-26 02:17:27'),
(6, 3, 2, 330.00, 0.00, 0.00, 0.0000, '2022-07-26 02:17:51'),
(7, 3, 3, 100.00, 0.00, 0.00, 0.0000, '2022-07-26 02:18:09'),
(8, 4, 3, 100.00, 0.00, 0.00, 0.0000, '2022-08-02 02:41:24'),
(9, 4, 1, 20.00, 0.00, 0.00, 0.0000, '2022-08-02 02:41:41'),
(10, 4, 2, 330.00, 0.00, 0.00, 0.0000, '2022-08-02 02:41:56'),
(11, 5, 1, 38.00, 0.00, 0.00, 0.0000, '2022-09-04 12:48:35'),
(12, 5, 2, 0.00, 0.00, 0.00, 0.0000, '2022-09-04 12:48:50'),
(13, 5, 3, 100.00, 0.00, 0.00, 0.0000, '2022-09-04 12:49:01'),
(14, 6, 1, 49.00, 0.00, 0.00, 0.0000, '2022-10-14 12:27:53'),
(15, 6, 2, 0.00, 0.00, 0.00, 0.0000, '2022-10-14 12:28:14'),
(16, 6, 3, 100.00, 0.00, 0.00, 0.0000, '2022-10-14 12:28:27'),
(17, 7, 1, 41.00, 0.00, 0.00, 0.0000, '2022-11-30 07:43:38'),
(18, 7, 3, 0.00, 0.00, 0.00, 0.0000, '2022-11-30 07:44:14'),
(19, 7, 2, 280.00, 0.00, 0.00, 0.0000, '2022-11-30 07:50:09'),
(20, 8, 1, 100.00, 0.00, 0.00, 0.0000, '2022-12-02 10:50:05'),
(21, 8, 2, 0.00, 0.00, 0.00, 0.0000, '2022-12-02 10:50:26'),
(22, 8, 3, 10.00, 0.00, 0.00, 0.0000, '2022-12-02 10:50:50'),
(23, 9, 1, 13.00, 0.00, 0.00, 0.0000, '2023-01-03 05:59:10'),
(24, 9, 2, 100.00, 0.00, 0.00, 0.0000, '2023-01-03 05:59:26'),
(25, 9, 3, 10.00, 0.00, 0.00, 0.0000, '2023-01-03 05:59:37'),
(26, 10, 2, 100.00, 0.00, 0.00, 0.0000, '2023-02-09 09:41:56'),
(27, 10, 1, 20.00, 0.00, 0.00, 0.0000, '2023-02-09 09:42:37'),
(28, 10, 3, 10.00, 0.00, 0.00, 0.0000, '2023-02-09 09:42:48'),
(29, 11, 1, 9.00, 0.00, 0.00, 0.0000, '2023-03-21 01:41:52'),
(30, 11, 2, 950.00, 0.00, 0.00, 0.0000, '2023-03-21 02:18:20'),
(31, 11, 3, 10.00, 0.00, 0.00, 0.0000, '2023-03-21 02:18:35'),
(32, 12, 2, 950.00, 0.00, 0.00, 0.0000, '2023-05-09 03:23:54'),
(33, 12, 3, 10.00, 0.00, 0.00, 0.0000, '2023-05-09 03:24:08'),
(34, 12, 1, 99.00, 0.00, 0.00, 1.0000, '2023-05-09 03:24:22'),
(35, 13, 3, 0.00, 0.00, 0.00, 0.0000, '2023-05-11 06:30:30'),
(36, 13, 1, 14.00, 0.00, 0.00, 0.0000, '2023-05-11 06:45:28'),
(37, 13, 2, 950.00, 0.00, 0.00, 0.0000, '2023-05-11 06:45:49'),
(38, -1, 1, 23.00, 0.00, 0.00, 0.0000, '2023-07-13 10:45:58'),
(39, 14, 1, 79.00, 0.00, 0.00, 12.0000, '2023-07-14 02:56:16'),
(40, 14, 2, 2970.00, 0.00, 0.00, 820.0000, '2023-07-14 02:56:37'),
(41, -1, 2, 1700.00, 0.00, 0.00, 0.0000, '2023-07-14 15:14:33'),
(42, 15, 1, 76.00, 0.00, 0.00, 0.0000, '2023-08-07 01:51:09'),
(43, 15, 2, 0.00, 0.00, 0.00, 0.0000, '2023-08-07 01:51:27'),
(44, 16, 1, 183.00, 0.00, 0.00, 0.0000, '2023-09-12 09:10:23'),
(45, 16, 2, 5100.00, 0.00, 0.00, 0.0000, '2023-09-12 09:10:40'),
(46, 17, 1, 88.00, 0.00, 0.00, 0.0000, '2023-10-02 09:40:55'),
(47, 17, 2, 7250.00, 0.00, 0.00, 0.0000, '2023-10-02 09:41:12'),
(48, -2, 1, 0.00, 0.00, 0.00, 0.0000, '2023-12-24 13:45:13'),
(49, -2, 2, 10150.00, 0.00, 0.00, 800.0000, '2023-12-24 13:46:39'),
(50, 19, 2, 0.00, 0.00, 0.00, 0.0000, '2024-01-04 04:11:19'),
(51, 19, 1, 0.00, 0.00, 0.00, 0.0000, '2024-01-04 04:11:41'),
(52, 20, 1, 114.00, 0.00, 0.00, 0.0000, '2024-02-03 07:57:18'),
(53, 20, 2, 2000.00, 0.00, 0.00, 0.0000, '2024-02-03 07:57:39');

-- 
-- Dumping data for table tbl_acc_closing_det
--
INSERT INTO tbl_acc_closing_det VALUES
(1, 1, 1, 1, 41.00, -41.00, 0.00, '2022-07-16 07:51:08'),
(2, 1, 2, 1, 41.00, -17.00, 24.00, '2022-07-16 07:51:08'),
(3, 2, 1, 3, 100.00, -100.00, 0.00, '2022-07-17 11:46:55'),
(4, 2, 2, 3, 100.00, 0.00, 100.00, '2022-07-17 11:46:55'),
(5, 2, 1, 1, 45.00, -45.00, 0.00, '2022-07-17 11:46:55'),
(6, 2, 2, 1, 45.00, -43.00, 26.00, '2022-07-17 11:46:55'),
(7, 2, 1, 2, 50.00, -50.00, 0.00, '2022-07-17 11:46:55'),
(8, 2, 2, 2, 50.00, 0.00, 50.00, '2022-07-17 11:46:55'),
(9, 3, 1, 1, 92.00, -92.00, 0.00, '2022-07-26 02:18:15'),
(10, 3, 2, 1, 93.00, -97.00, 22.00, '2022-07-26 02:18:15'),
(11, 3, 1, 2, 4280.00, -4280.00, 0.00, '2022-07-26 02:18:15'),
(12, 3, 2, 2, 4280.00, -4000.00, 330.00, '2022-07-26 02:18:15'),
(13, 3, 2, 3, 0.00, 0.00, 100.00, '2022-07-26 02:18:15'),
(14, 4, 2, 3, 0.00, 0.00, 100.00, '2022-08-03 12:06:14'),
(15, 4, 1, 1, 90.00, -90.00, 0.00, '2022-08-03 12:06:14'),
(16, 4, 2, 1, 92.00, -94.00, 20.00, '2022-08-03 12:06:14'),
(17, 4, 1, 2, 210.00, -210.00, 0.00, '2022-08-03 12:06:14'),
(18, 4, 2, 2, 210.00, -210.00, 330.00, '2022-08-03 12:06:14'),
(19, 5, 1, 1, 99.00, -99.00, 0.00, '2022-09-06 08:25:59'),
(20, 5, 2, 1, 101.00, -83.00, 38.00, '2022-09-06 08:25:59'),
(21, 5, 1, 2, 800.00, -800.00, 0.00, '2022-09-06 08:25:59'),
(22, 5, 2, 2, 800.00, -1130.00, 0.00, '2022-09-06 08:25:59'),
(23, 5, 2, 3, 0.00, 0.00, 100.00, '2022-09-06 08:25:59'),
(24, 6, 1, 1, 92.00, -92.00, 0.00, '2022-10-14 12:37:13'),
(25, 6, 2, 1, 93.00, -82.00, 49.00, '2022-10-14 12:37:13'),
(26, 6, 1, 2, 2760.00, -2760.00, 0.00, '2022-10-14 12:37:13'),
(27, 6, 2, 2, 2760.00, -2760.00, 0.00, '2022-10-14 12:37:13'),
(28, 6, 2, 3, 0.00, 0.00, 100.00, '2022-10-14 12:37:13'),
(29, 7, 1, 1, 93.00, -93.00, 0.00, '2022-11-30 07:51:45'),
(30, 7, 2, 1, 94.00, -102.00, 41.00, '2022-11-30 07:51:45'),
(31, 7, 2, 3, 0.00, -100.00, 0.00, '2022-11-30 07:51:45'),
(32, 7, 1, 2, 600.00, -600.00, 0.00, '2022-11-30 07:51:45'),
(33, 7, 2, 2, 600.00, -320.00, 280.00, '2022-11-30 07:51:45'),
(34, 8, 1, 1, 101.00, -101.00, 0.00, '2022-12-04 01:24:15'),
(35, 8, 2, 1, 103.00, -44.00, 100.00, '2022-12-04 01:24:15'),
(36, 8, 1, 2, 950.00, -950.00, 0.00, '2022-12-04 01:24:15'),
(37, 8, 2, 2, 950.00, -1230.00, 0.00, '2022-12-04 01:24:15'),
(38, 8, 2, 3, 10.00, 0.00, 10.00, '2022-12-04 01:24:15'),
(39, 8, 1, 3, 10.00, -10.00, 0.00, '2022-12-04 01:24:15'),
(40, 9, 1, 1, 114.00, -114.00, 0.00, '2023-02-07 12:56:46'),
(41, 9, 2, 1, 115.00, -202.00, 13.00, '2023-02-07 12:56:46'),
(42, 9, 1, 2, 200.00, -200.00, 0.00, '2023-02-07 12:56:46'),
(43, 9, 2, 2, 200.00, -100.00, 100.00, '2023-02-07 12:56:46'),
(44, 9, 2, 3, 0.00, 0.00, 10.00, '2023-02-07 12:56:46'),
(45, 10, 2, 2, 0.00, 0.00, 100.00, '2023-02-21 02:20:31'),
(46, 10, 1, 1, 118.00, -118.00, 0.00, '2023-02-21 02:20:31'),
(47, 10, 2, 1, 118.00, -111.00, 20.00, '2023-02-21 02:20:31'),
(48, 10, 2, 3, 0.00, 0.00, 10.00, '2023-02-21 02:20:31'),
(49, 11, 1, 1, 145.00, -145.00, 0.00, '2023-03-21 02:19:06'),
(50, 11, 2, 1, 146.00, -157.00, 9.00, '2023-03-21 02:19:06'),
(51, 11, 2, 2, 1300.00, -450.00, 950.00, '2023-03-21 02:19:06'),
(52, 11, 1, 2, 1300.00, -1300.00, 0.00, '2023-03-21 02:19:06'),
(53, 11, 2, 3, 0.00, 0.00, 10.00, '2023-03-21 02:19:06'),
(55, 12, 1, 1, 105.00, -105.00, 0.00, '2023-05-09 03:43:38'),
(56, 12, 2, 1, 105.00, -15.00, 99.00, '2023-05-09 03:43:38'),
(57, 12, 2, 2, 0.00, 0.00, 950.00, '2023-05-09 03:43:38'),
(58, 12, 2, 3, 0.00, 0.00, 10.00, '2023-05-09 03:43:38'),
(59, 13, 1, 1, 85.00, -85.00, 0.00, '2023-05-11 07:25:29'),
(60, 13, 2, 1, 86.00, -171.00, 14.00, '2023-05-11 07:25:29'),
(61, 13, 2, 2, 0.00, 0.00, 950.00, '2023-05-11 07:25:29'),
(62, 13, 2, 3, 0.00, -10.00, 0.00, '2023-05-11 07:25:29'),
(63, -1, 2, 1, 127.00, 118.00, 23.00, '2023-07-13 10:52:59'),
(64, -1, 2, 2, 1052.00, 302.00, 1700.00, '2023-07-13 10:55:34'),
(65, 14, 1, 1, 56.00, -56.00, 0.00, '2023-07-14 03:31:27'),
(66, 14, 2, 1, 56.00, 0.00, 79.00, '2023-07-14 03:31:27'),
(67, 14, 1, 2, 1270.00, -1270.00, 0.00, '2023-07-14 03:31:27'),
(68, 14, 2, 2, 1270.00, 0.00, 2970.00, '2023-07-14 03:31:27'),
(69, 15, 1, 1, 180.00, -180.00, 0.00, '2023-08-14 03:15:54'),
(70, 15, 2, 1, 183.00, -186.00, 76.00, '2023-08-14 03:15:54'),
(71, 15, 1, 2, 5160.00, -5160.00, 0.00, '2023-08-14 03:15:55'),
(72, 15, 2, 2, 5160.00, -8130.00, 0.00, '2023-08-14 03:15:55'),
(73, 16, 1, 1, 142.00, -142.00, 0.00, '2023-10-01 08:53:28'),
(74, 16, 2, 1, 144.00, -37.00, 183.00, '2023-10-01 08:53:28'),
(75, 16, 1, 2, 10300.00, -10300.00, 0.00, '2023-10-01 08:53:28'),
(76, 16, 2, 2, 10300.00, -5200.00, 5100.00, '2023-10-01 08:53:28'),
(77, 17, 1, 1, 96.00, -96.00, 0.00, '2023-10-29 09:35:00'),
(78, 17, 2, 1, 97.00, -192.00, 88.00, '2023-10-29 09:35:00'),
(79, 17, 1, 2, 4250.00, -4250.00, 0.00, '2023-10-29 09:35:00'),
(80, 17, 2, 2, 4250.00, -2100.00, 7250.00, '2023-10-29 09:35:00'),
(81, -2, 2, 1, 180.00, 180.00, 0.00, '2023-12-24 10:19:37'),
(82, -2, 2, 2, 1600.00, 0.00, 10150.00, '2023-12-24 10:20:21'),
(83, 19, 1, 1, 101.00, -101.00, 0.00, '2024-01-07 05:43:37'),
(84, 19, 2, 1, 104.00, -104.00, 0.00, '2024-01-07 05:43:38'),
(85, 19, 1, 2, 9428.21, -9428.21, 0.00, '2024-01-07 05:43:38'),
(86, 19, 2, 2, 9428.21, -19578.21, 0.00, '2024-01-07 05:43:38'),
(87, 20, 1, 1, 168.00, -168.00, 0.00, '2024-02-17 03:30:40'),
(88, 20, 2, 1, 168.00, -54.00, 114.00, '2024-02-17 03:30:40'),
(89, 20, 1, 2, 2000.00, -2000.00, 0.00, '2024-02-17 03:30:40'),
(90, 20, 2, 2, 2000.00, 0.00, 2000.00, '2024-02-17 03:30:40');

-- 
-- Dumping data for table tbl_account
--
INSERT INTO tbl_account VALUES
(1, 'RECEIPTS', '2022-06-15 00:00:00'),
(2, 'PRIMARY ACCOUNT', '2022-06-15 00:00:00'),
(3, 'SECONDARY ACCOUNT', '2022-06-15 00:00:00');

-- 
-- Dumping data for table tblcurrency
--
INSERT INTO tblcurrency VALUES
(1, x'757364', '2022-06-15 00:00:00'),
(2, x'7A776C', '2022-06-15 00:00:00'),
(3, x'72616E64', '2022-06-15 00:00:00');

-- 
-- Restore previous SQL mode
-- 
/*!40101 SET SQL_MODE=@OLD_SQL_MODE */;

-- 
-- Enable foreign keys
-- 
/*!40014 SET FOREIGN_KEY_CHECKS = @OLD_FOREIGN_KEY_CHECKS */;